,login,start_date,era,file_name
0,AndyTeas,2020-04-16 08:39:29,during,mozilla_pdf
1,IsaacLK,2022-05-20 13:34:44,post,mozilla_pdf
2,KouWakai,2021-12-20 14:39:29,post,mozilla_pdf
3,MMeent,2021-06-04 13:45:41,post,mozilla_pdf
4,Maxim-Mazurok,2022-06-17 01:30:42,post,mozilla_pdf
5,Mozilla-GitHub-Standards,2019-03-28 03:44:02,pre,mozilla_pdf
6,PinRathod,2021-10-16 17:05:57,post,mozilla_pdf
7,Pldi23,2022-05-13 20:44:47,post,mozilla_pdf
8,SaiKiranMukka,2021-11-24 07:09:03,post,mozilla_pdf
9,SpartanApple,2022-10-30 22:26:18,post,mozilla_pdf
10,a4lg,2019-02-09 06:39:37,pre,mozilla_pdf
11,adenicole,2021-10-14 09:12:48,post,mozilla_pdf
12,apeltop,2022-04-08 16:14:04,post,mozilla_pdf
13,aplum,2020-06-03 16:02:46,during,mozilla_pdf
14,baloone,2020-10-02 23:59:46,during,mozilla_pdf
15,bhasto,2020-01-31 23:56:08,pre,mozilla_pdf
16,calixteman,2020-06-30 13:09:38,during,mozilla_pdf
17,deathy,2019-12-14 18:43:25,pre,mozilla_pdf
18,dhuang612,2019-08-19 19:30:58,pre,mozilla_pdf
19,eltociear,2021-03-24 14:17:03,during,mozilla_pdf
20,emalysz,2020-05-29 16:12:27,during,mozilla_pdf
21,emilio,2020-09-02 09:33:58,during,mozilla_pdf
22,federicobond,2022-08-25 16:36:30,post,mozilla_pdf
23,gdh1995,2020-09-05 18:59:39,during,mozilla_pdf
24,hakubo,2020-11-03 06:42:41,during,mozilla_pdf
25,havocbcn,2020-06-04 06:39:01,during,mozilla_pdf
26,huzjakd,2019-10-01 09:25:07,pre,mozilla_pdf
27,ineiti,2020-07-18 09:05:08,during,mozilla_pdf
28,janekotovich,2021-10-08 17:02:54,post,mozilla_pdf
29,justinribeiro,2021-02-01 21:57:29,during,mozilla_pdf
30,kjenova,2021-09-09 21:48:51,post,mozilla_pdf
31,kleins05,2019-05-22 10:34:03,pre,mozilla_pdf
32,linfangrong,2021-07-08 09:53:34,post,mozilla_pdf
33,luistak,2019-10-08 23:50:35,pre,mozilla_pdf
34,mgrigis,2019-11-04 13:19:42,pre,mozilla_pdf
35,mikemando,2021-10-15 15:19:57,post,mozilla_pdf
36,mvasigh,2019-04-17 15:56:27,pre,mozilla_pdf
37,nickyc975,2020-09-23 03:46:09,during,mozilla_pdf
38,nikolas,2021-05-29 00:44:59,post,mozilla_pdf
39,nisarhassan12,2020-03-19 12:20:47,pre,mozilla_pdf
40,nmtigor,2022-09-21 15:00:43,post,mozilla_pdf
41,phillipj,2020-07-30 07:40:16,during,mozilla_pdf
42,quaoaris,2021-12-12 18:00:03,post,mozilla_pdf
43,raghav-wd,2021-10-14 19:38:13,post,mozilla_pdf
44,roiLeo,2021-01-27 10:08:09,during,mozilla_pdf
45,serdnab,2021-10-18 23:32:04,post,mozilla_pdf
46,srmagura,2022-09-12 23:44:41,post,mozilla_pdf
47,staktrace,2020-08-12 18:35:28,during,mozilla_pdf
48,stbensonimoh,2021-10-17 16:14:03,post,mozilla_pdf
49,sylvestre,2020-06-29 15:44:51,during,mozilla_pdf
50,symtalha14,2021-07-07 09:46:40,post,mozilla_pdf
51,tamuratak,2019-10-06 02:57:26,pre,mozilla_pdf
52,terurou,2019-03-10 03:41:43,pre,mozilla_pdf
53,vlastimilmaca,2019-01-16 09:47:01,pre,mozilla_pdf
54,wojtekmaj,2022-10-07 08:48:08,post,mozilla_pdf
55,xelan,2020-04-22 12:20:15,during,mozilla_pdf
56,yangjiang3973,2020-08-19 08:30:08,during,mozilla_pdf
57,AK391,2022-01-04 21:10:47,post,hugging_face
58,AMontgomerie,2022-03-21 03:03:34,post,hugging_face
59,AdityaSoni19031997,2020-07-22 01:27:02,during,hugging_face
60,AkechiShiro,2021-10-10 16:46:22,post,hugging_face
61,AliOsm,2020-10-17 09:38:12,during,hugging_face
62,AndreaSottana,2020-10-15 15:42:42,during,hugging_face
63,AnugunjNaman,2022-05-10 12:29:24,post,hugging_face
64,Apoorvgarg-creator,2021-08-19 08:16:34,post,hugging_face
65,ArthurZucker,2022-04-13 10:57:40,post,hugging_face
66,AymenBer99,2022-10-12 08:08:52,post,hugging_face
67,Bearnardd,2022-10-03 21:52:17,post,hugging_face
68,BramVanroy,2022-09-12 11:31:08,post,hugging_face
69,ChainYo,2021-10-19 07:44:32,post,hugging_face
70,Craigacp,2020-11-30 21:11:51,during,hugging_face
71,D3xter1922,2022-10-07 09:17:21,post,hugging_face
72,Dahlbomii,2022-03-23 22:35:19,post,hugging_face
73,DavidNemeskey,2020-09-01 22:45:45,during,hugging_face
74,Davidy22,2022-10-06 05:01:58,post,hugging_face
75,DeepsMoseli,2020-07-01 00:20:32,during,hugging_face
76,DhavalTaunk08,2020-10-01 12:53:28,during,hugging_face
77,Ethan-yt,2020-09-27 06:17:46,during,hugging_face
78,F02934,2022-06-08 18:45:41,post,hugging_face
79,Fellip15,2022-04-19 19:12:48,post,hugging_face
80,FremyCompany,2020-09-30 11:25:49,during,hugging_face
81,HamidShojanazeri,2021-03-15 23:18:11,during,hugging_face
82,IMvision12,2022-09-25 14:12:09,post,hugging_face
83,JME-P,2020-08-05 15:15:49,during,hugging_face
84,JetRunner,2020-06-17 06:22:17,during,hugging_face
85,JingyaHuang,2022-07-01 09:32:11,post,hugging_face
86,JohnGiorgi,2022-03-29 20:09:06,post,hugging_face
87,JunnYu,2021-12-18 12:30:54,post,hugging_face
88,KMFODA,2020-10-02 09:52:05,during,hugging_face
89,KoichiYasuoka,2021-06-03 05:16:23,post,hugging_face
90,LSinev,2022-08-03 08:51:49,post,hugging_face
91,LysandreJik,2020-07-08 13:54:05,during,hugging_face
92,Mehrad0711,2020-07-10 20:22:19,during,hugging_face
93,Mustapha-AJEGHRIR,2022-09-21 20:33:08,post,hugging_face
94,Narsil,2020-08-06 11:15:12,during,hugging_face
95,NielsRogge,2020-08-11 09:36:57,during,hugging_face
96,NouamaneTazi,2022-06-12 12:44:41,post,hugging_face
97,PhilipMay,2020-07-23 18:10:47,during,hugging_face
98,Pradhy729,2020-06-26 21:48:01,during,hugging_face
99,Qbiwan,2021-01-02 12:16:30,during,hugging_face
100,RamitPahwa,2022-10-08 02:30:06,post,hugging_face
101,Ryou0634,2021-11-24 02:25:29,post,hugging_face
102,SBrandeis,2020-12-09 11:54:05,during,hugging_face
103,SD-13,2022-10-13 11:44:08,post,hugging_face
104,Saad135,2022-10-29 08:56:02,post,hugging_face
105,SaulLu,2021-02-24 11:35:05,during,hugging_face
106,SidJain1412,2020-08-19 11:35:38,during,hugging_face
107,SimplyJuanjo,2022-03-22 11:13:29,post,hugging_face
108,Tegzes,2022-09-19 17:10:35,post,hugging_face
109,TevenLeScao,2020-09-22 09:39:51,during,hugging_face
110,Threepointone4,2022-10-12 09:58:27,post,hugging_face
111,Timoeller,2020-12-13 10:11:20,during,hugging_face
112,VictorSanh,2021-06-23 22:57:36,post,hugging_face
113,ViktorAlm,2020-05-13 10:50:17,during,hugging_face
114,Wauplin,2022-08-29 10:11:25,post,hugging_face
115,WissamAntoun,2022-07-05 16:15:30,post,hugging_face
116,WybeKoper,2021-03-02 15:47:27,during,hugging_face
117,Xpiri,2022-06-09 12:47:55,post,hugging_face
118,Yard1,2021-07-15 19:54:26,post,hugging_face
119,abedkhooli,2021-01-06 10:59:36,during,hugging_face
120,abhilash1910,2020-10-02 16:35:29,during,hugging_face
121,abhishekkrthakur,2020-10-28 18:38:33,during,hugging_face
122,adelevie,2020-08-20 01:07:52,during,hugging_face
123,afcruzs,2020-07-16 04:28:52,during,hugging_face
124,agemagician,2020-11-19 22:08:58,during,hugging_face
125,ak314,2021-01-24 09:34:25,during,hugging_face
126,alaradirik,2022-06-08 08:52:17,post,hugging_face
127,alisafaya,2020-09-18 08:17:36,during,hugging_face
128,ameasure,2021-11-12 16:51:41,post,hugging_face
129,amodaresi,2020-08-14 17:28:29,during,hugging_face
130,amogkam,2020-10-08 00:37:49,during,hugging_face
131,amyeroberts,2022-04-22 10:56:48,post,hugging_face
132,anmolsjoshi,2022-04-04 22:29:36,post,hugging_face
133,anton-l,2021-10-21 19:25:15,post,hugging_face
134,aodiniz,2020-06-20 02:41:57,during,hugging_face
135,aphedges,2021-06-30 21:42:03,post,hugging_face
136,aretius,2020-06-02 17:45:57,during,hugging_face
137,ariG23498,2022-05-30 01:57:33,post,hugging_face
138,arnaudstiegler,2022-03-23 22:10:51,post,hugging_face
139,arnavsharma93,2020-07-03 06:40:51,during,hugging_face
140,astariul,2020-12-10 03:30:35,during,hugging_face
141,atturaioe,2022-07-28 17:55:44,post,hugging_face
142,avital,2020-10-29 18:32:21,during,hugging_face
143,ayaka14732,2022-03-25 05:52:10,post,hugging_face
144,banda-larga,2022-01-12 14:07:04,post,hugging_face
145,bashartalafha,2020-07-08 12:05:49,during,hugging_face
146,bayartsogt-ya,2021-07-04 18:28:15,post,hugging_face
147,bdalal,2020-11-17 16:06:50,during,hugging_face
148,benjamin-mlr,2020-07-25 17:39:27,during,hugging_face
149,bhadreshpsavani,2021-06-23 16:35:14,post,hugging_face
150,bhavika,2022-03-13 04:47:26,post,hugging_face
151,bhavitvyamalik,2021-04-04 07:42:52,during,hugging_face
152,binny-mathew,2020-08-04 21:18:16,during,hugging_face
153,bminixhofer,2020-11-16 10:45:50,during,hugging_face
154,bofenghuang,2022-06-03 16:09:38,post,hugging_face
155,brandenchan,2020-11-13 13:37:23,during,hugging_face
156,cakiki,2022-03-18 09:39:37,post,hugging_face
157,cccntu,2020-10-03 08:08:56,during,hugging_face
158,cceyda,2020-07-22 09:36:50,during,hugging_face
159,cedspam,2020-08-10 13:47:57,during,hugging_face
160,chrisliu298,2020-07-02 03:07:31,during,hugging_face
161,cimeister,2022-02-02 14:48:31,post,hugging_face
162,clefourrier,2022-03-16 09:34:31,post,hugging_face
163,code-review-doctor,2022-04-13 21:05:40,post,hugging_face
164,colindean,2022-08-19 22:36:14,post,hugging_face
165,csarron,2020-07-05 18:21:30,during,hugging_face
166,cwkeam,2022-03-18 05:36:46,post,hugging_face
167,d-miketa,2022-04-03 09:53:56,post,hugging_face
168,danielpatrickhug,2021-02-04 04:13:29,during,hugging_face
169,daspartho,2022-09-12 16:06:14,post,hugging_face
170,datquocnguyen,2022-05-12 09:39:56,post,hugging_face
171,davialvb,2022-10-20 23:04:16,post,hugging_face
172,davidleonfdez,2022-02-02 02:50:00,post,hugging_face
173,dblakely,2020-12-30 17:47:55,during,hugging_face
174,ddrm86,2021-10-05 08:06:25,post,hugging_face
175,divyanshugit,2022-07-22 06:21:14,post,hugging_face
176,dlwh,2022-03-06 05:57:45,post,hugging_face
177,donchev7,2020-10-07 13:33:07,during,hugging_face
178,donelianc,2022-06-16 19:41:27,post,hugging_face
179,dsblank,2021-04-27 16:00:23,during,hugging_face
180,duongna21,2022-07-08 06:40:14,post,hugging_face
181,dwyatte,2021-10-05 18:49:39,post,hugging_face
182,echarlaix,2021-11-05 13:11:43,post,hugging_face
183,edugp,2021-07-01 04:09:20,post,hugging_face
184,ekagra-ranjan,2022-08-27 13:04:03,post,hugging_face
185,elk-cloner,2020-10-30 15:26:54,during,hugging_face
186,elsanns,2020-08-05 07:56:10,during,hugging_face
187,eltoto1219,2020-07-14 00:46:11,during,hugging_face
188,fcakyon,2021-12-01 19:21:14,post,hugging_face
189,flozi00,2022-08-15 09:37:40,post,hugging_face
190,fmcurti,2020-10-07 17:15:26,during,hugging_face
191,forest1988,2020-10-26 13:37:43,during,hugging_face
192,formiel,2021-02-18 21:27:38,during,hugging_face
193,forresti,2020-09-01 01:09:04,during,hugging_face
194,fredo838,2022-04-04 11:40:55,post,hugging_face
195,fullyz,2021-10-05 17:30:14,post,hugging_face
196,fxmarty,2022-05-11 12:26:01,post,hugging_face
197,gante,2022-01-06 18:02:02,post,hugging_face
198,garyhlai,2020-12-06 16:43:41,during,hugging_face
199,gchhablani,2020-06-17 21:35:01,during,hugging_face
200,gentaiscool,2020-10-28 03:10:27,during,hugging_face
201,gianfrancobarone,2020-07-23 06:56:16,during,hugging_face
202,gonglinyuan,2020-07-07 02:22:48,during,hugging_face
203,grgkaran03,2022-10-13 06:27:30,post,hugging_face
204,gsarti,2022-07-07 13:46:21,post,hugging_face
205,gui11aume,2021-03-25 16:25:15,during,hugging_face
206,guillaumekln,2022-06-21 12:49:24,post,hugging_face
207,h-holm,2021-12-16 21:23:18,post,hugging_face
208,h4iku,2021-10-20 18:08:48,post,hugging_face
209,hamelsmu,2021-04-28 07:36:24,during,hugging_face
210,harrydrippin,2022-07-21 06:06:54,post,hugging_face
211,hemildesai,2021-03-31 03:55:31,during,hugging_face
212,hjptriplebee,2020-09-01 06:30:06,during,hugging_face
213,hollance,2022-04-13 10:13:48,post,hugging_face
214,ibraheem-moosa,2021-07-04 13:59:05,post,hugging_face
215,iglimanaj,2020-06-01 14:54:19,during,hugging_face
216,ikuyamada,2022-07-25 09:47:10,post,hugging_face
217,imarekkus,2022-10-13 07:18:36,post,hugging_face
218,infinite-Joy,2022-01-19 06:57:03,post,hugging_face
219,ionicsolutions,2021-06-15 14:14:31,post,hugging_face
220,jQuinRivero,2022-04-30 04:28:40,post,hugging_face
221,jacobdineen,2022-03-11 18:52:02,post,hugging_face
222,jaketae,2021-08-27 03:00:46,post,hugging_face
223,jayendra13,2021-05-27 11:34:38,post,hugging_face
224,jcmc00,2022-01-24 15:10:42,post,hugging_face
225,jeffra,2022-03-11 22:35:53,post,hugging_face
226,jethrokuan,2020-12-23 05:50:03,during,hugging_face
227,jianan-gu,2021-08-25 08:35:33,post,hugging_face
228,jimregan,2020-08-17 18:38:52,during,hugging_face
229,jinoobaek-qz,2020-06-10 11:39:28,during,hugging_face
230,johko,2022-03-13 19:53:05,post,hugging_face
231,john-hewitt,2021-12-08 10:21:19,post,hugging_face
232,johnnygreco,2022-03-11 18:00:30,post,hugging_face
233,jonatasgrosman,2022-05-18 21:54:46,post,hugging_face
234,jordiclive,2021-04-29 09:14:08,during,hugging_face
235,kamalkraj,2021-07-28 18:43:55,post,hugging_face
236,kant,2022-10-09 13:59:02,post,hugging_face
237,karthikrangasai,2021-09-01 05:26:13,post,hugging_face
238,kashif,2022-05-25 09:46:41,post,hugging_face
239,kiansierra,2022-07-30 16:02:41,post,hugging_face
240,killazz67,2021-10-08 18:32:51,post,hugging_face
241,kishore-s-15,2022-09-17 12:47:24,post,hugging_face
242,kiyoungkim1,2021-01-14 08:36:23,during,hugging_face
243,konstantinjdobler,2022-03-05 14:50:54,post,hugging_face
244,krfricke,2020-08-26 08:16:23,during,hugging_face
245,kumapo,2022-08-27 07:38:20,post,hugging_face
246,kuppulur,2020-10-30 02:09:17,during,hugging_face
247,kventinel,2022-10-02 10:14:55,post,hugging_face
248,laurahanu,2021-08-28 14:27:19,post,hugging_face
249,leondz,2022-04-20 12:55:46,post,hugging_face
250,lewtun,2020-12-02 11:34:28,during,hugging_face
251,lhoestq,2020-06-02 16:33:02,during,hugging_face
252,loubnabnl,2022-04-20 10:23:23,post,hugging_face
253,lvwerra,2020-10-04 15:16:40,during,hugging_face
254,m3hrdadfi,2020-05-27 07:33:28,during,hugging_face
255,madlag,2020-10-02 17:01:50,during,hugging_face
256,manandey,2022-03-13 14:25:46,post,hugging_face
257,manuelciosici,2021-11-10 21:15:50,post,hugging_face
258,mapmeld,2022-09-20 05:51:57,post,hugging_face
259,mar-muel,2020-05-18 09:13:25,during,hugging_face
260,marcvanzee,2020-09-11 12:57:06,during,hugging_face
261,mariosasko,2021-02-23 18:10:51,during,hugging_face
262,mathieujouffroy,2022-08-09 09:06:26,post,hugging_face
263,mazicwong,2021-04-08 03:40:24,during,hugging_face
264,merrymercy,2021-03-17 15:26:14,during,hugging_face
265,mfumanelli,2022-05-26 19:32:15,post,hugging_face
266,michaelbenayoun,2021-04-21 14:20:07,during,hugging_face
267,mishig25,2021-07-20 10:18:58,post,hugging_face
268,mojave-pku,2020-12-23 12:18:40,during,hugging_face
269,mpoemsl,2022-04-29 23:14:09,post,hugging_face
270,mukesh663,2022-10-11 16:29:59,post,hugging_face
271,mymusise,2020-10-27 03:02:05,during,hugging_face
272,n1t0,2021-06-25 12:51:49,post,hugging_face
273,nandwalritik,2022-04-28 10:37:48,post,hugging_face
274,navjotts,2020-12-07 17:53:23,during,hugging_face
275,nbroad1881,2021-06-12 16:32:38,post,hugging_face
276,ndrohith09,2022-10-20 03:17:21,post,hugging_face
277,ngoquanghuy99,2022-01-26 10:06:25,post,hugging_face
278,nickprock,2022-09-26 07:37:22,post,hugging_face
279,nishprabhu,2021-08-25 10:26:49,post,hugging_face
280,novice03,2022-07-12 15:52:17,post,hugging_face
281,nreimers,2021-07-21 11:55:27,post,hugging_face
282,oToToT,2021-04-29 07:51:35,during,hugging_face
283,ola13,2022-10-13 12:31:09,post,hugging_face
284,oneraghavan,2022-07-20 08:22:24,post,hugging_face
285,orena1,2020-08-19 19:08:09,during,hugging_face
286,osanseviero,2021-05-03 08:12:13,post,hugging_face
287,pacman100,2022-04-05 07:30:07,post,hugging_face
288,patil-suraj,2020-05-14 13:29:41,during,hugging_face
289,pbelevich,2022-02-23 00:36:20,post,hugging_face
290,philschmid,2021-03-30 17:57:27,during,hugging_face
291,prajjwal1,2020-05-27 15:00:20,during,hugging_face
292,psorianom,2021-04-20 20:47:10,during,hugging_face
293,qqaatw,2021-07-10 06:21:21,post,hugging_face
294,raghavanone,2022-10-10 09:10:54,post,hugging_face
295,rahular,2022-08-22 14:11:22,post,hugging_face
296,ratthachat,2020-10-24 02:47:33,during,hugging_face
297,rchan26,2022-10-07 06:34:13,post,hugging_face
298,rdenadai,2020-07-24 15:19:28,during,hugging_face
299,reichenbch,2022-03-18 11:34:56,post,hugging_face
300,riklopfer,2021-03-14 22:55:51,during,hugging_face
301,rmroczkowski,2021-03-16 15:40:39,during,hugging_face
302,robotjellyzone,2022-05-01 08:53:24,post,hugging_face
303,rohanrajpal,2020-08-07 11:01:25,during,hugging_face
304,romainr,2020-08-16 01:06:30,during,hugging_face
305,sadakmed,2020-12-08 14:26:49,during,hugging_face
306,sam-h-bean,2022-06-09 04:22:17,post,hugging_face
307,sanchit-gandhi,2022-02-08 17:26:02,post,hugging_face
308,sanderland,2022-03-28 12:12:27,post,hugging_face
309,schmidek,2020-06-30 16:22:22,during,hugging_face
310,setu4993,2020-06-02 08:32:39,during,hugging_face
311,sgugger,2020-06-24 19:47:28,during,hugging_face
312,shamanez,2022-06-10 05:03:51,post,hugging_face
313,shangz-ai,2021-09-16 19:39:33,post,hugging_face
314,shijie-wu,2022-05-11 22:14:11,post,hugging_face
315,siddk,2022-06-24 18:33:33,post,hugging_face
316,sijunhe,2022-04-26 11:31:47,post,hugging_face
317,singletongue,2021-03-28 02:01:08,during,hugging_face
318,sirmammingtonham,2020-09-25 19:38:00,during,hugging_face
319,skpig,2021-09-24 08:56:13,post,hugging_face
320,smanjil,2020-10-23 09:18:28,during,hugging_face
321,spatil6,2020-11-21 10:29:27,during,hugging_face
322,srhrshr,2022-10-05 10:54:26,post,hugging_face
323,stancld,2021-01-04 20:21:30,during,hugging_face
324,stas00,2020-07-08 23:24:49,during,hugging_face
325,stefan-it,2022-08-15 13:54:17,post,hugging_face
326,stevhliu,2021-09-12 18:17:54,post,hugging_face
327,sywangyi,2022-06-06 08:25:22,post,hugging_face
328,szutenberg,2021-06-23 15:33:35,post,hugging_face
329,tanmay17061,2021-02-16 20:24:30,during,hugging_face
330,thevasudevgupta,2020-09-03 19:04:48,during,hugging_face
331,thliang01,2022-10-04 13:56:38,post,hugging_face
332,tholor,2020-09-25 10:15:20,during,hugging_face
333,thomasw21,2021-08-02 13:00:30,post,hugging_face
334,tomaarsen,2022-07-17 12:34:24,post,hugging_face
335,tuner007,2020-07-18 10:57:51,during,hugging_face
336,unography,2022-08-04 15:50:01,post,hugging_face
337,utkusaglm,2022-03-12 18:30:22,post,hugging_face
338,vblagoje,2020-08-09 07:30:49,during,hugging_face
339,versae,2022-03-02 14:46:59,post,hugging_face
340,vumichien,2022-03-26 15:35:56,post,hugging_face
341,will-rice,2020-05-17 01:27:46,during,hugging_face
342,willfrey,2021-06-22 16:24:54,post,hugging_face
343,wlhgtc,2021-01-29 10:41:47,during,hugging_face
344,ydshieh,2020-09-02 19:41:06,during,hugging_face
345,ymwangg,2021-09-14 22:04:55,post,hugging_face
346,yoshitomo-matsubara,2020-12-14 01:16:13,during,hugging_face
347,zcain117,2020-08-12 15:38:40,during,hugging_face
348,ztjhz,2022-10-14 06:14:38,post,hugging_face
349,zyuanlim,2020-08-30 08:37:13,during,hugging_face
350,CatalinVoss,2020-11-03 05:08:03,during,mozilla_deepspeech
351,DanBmh,2020-02-05 16:41:31,pre,mozilla_deepspeech
352,GoldschmittGabriel,2020-04-23 12:39:42,during,mozilla_deepspeech
353,Ideefixze,2021-02-09 12:54:55,during,mozilla_deepspeech
354,Jemyz,2019-08-25 09:00:49,pre,mozilla_deepspeech
355,KathyReid,2021-04-20 13:07:18,during,mozilla_deepspeech
356,Mozilla-GitHub-Standards,2019-03-29 21:58:38,pre,mozilla_deepspeech
357,NanoNabla,2020-11-10 10:03:27,during,mozilla_deepspeech
358,NormanTUD,2020-03-22 19:38:12,pre,mozilla_deepspeech
359,ObliviousParadigm,2020-06-14 10:27:46,during,mozilla_deepspeech
360,actual-kwarter,2020-10-14 03:44:44,during,mozilla_deepspeech
361,alchemi5t,2019-07-19 09:05:11,pre,mozilla_deepspeech
362,areyliu6,2019-05-17 07:36:58,pre,mozilla_deepspeech
363,bprfh,2019-11-06 10:32:09,pre,mozilla_deepspeech
364,cahuja1992,2019-05-02 11:36:04,pre,mozilla_deepspeech
365,cfreemoser,2019-04-28 09:35:51,pre,mozilla_deepspeech
366,chrillemanden,2020-04-12 13:47:29,during,mozilla_deepspeech
367,d-a-v,2020-04-25 15:36:55,during,mozilla_deepspeech
368,dabinat,2020-02-26 19:28:51,pre,mozilla_deepspeech
369,danieltinazzi,2021-11-17 13:08:53,post,mozilla_deepspeech
370,danielwinkler,2019-02-19 10:32:07,pre,mozilla_deepspeech
371,djmitche,2019-11-03 03:50:16,pre,mozilla_deepspeech
372,dsteinman,2019-02-22 20:00:29,pre,mozilla_deepspeech
373,dzubke,2021-02-28 20:58:58,during,mozilla_deepspeech
374,eagledot,2020-06-17 04:32:06,during,mozilla_deepspeech
375,eggonlea,2019-02-26 01:37:08,pre,mozilla_deepspeech
376,erksch,2020-07-27 12:31:39,during,mozilla_deepspeech
377,ftyers,2020-10-21 14:59:54,during,mozilla_deepspeech
378,gregnr,2020-05-25 03:33:51,during,mozilla_deepspeech
379,imrahul361,2021-04-19 07:41:18,during,mozilla_deepspeech
380,imskr,2020-02-23 08:49:41,pre,mozilla_deepspeech
381,jimregan,2020-04-16 20:43:00,during,mozilla_deepspeech
382,jorxster,2019-02-21 06:03:25,pre,mozilla_deepspeech
383,jschueller,2020-04-25 12:12:23,during,mozilla_deepspeech
384,karansag,2020-07-10 19:23:01,during,mozilla_deepspeech
385,kristiank,2019-01-25 12:47:51,pre,mozilla_deepspeech
386,liezl200,2020-10-23 09:06:21,during,mozilla_deepspeech
387,lnesteroff,2019-10-18 01:46:19,pre,mozilla_deepspeech
388,lwalejko,2020-04-30 13:16:15,during,mozilla_deepspeech
389,madprogramer,2020-04-16 12:41:53,during,mozilla_deepspeech
390,marekjg,2020-06-03 16:02:39,during,mozilla_deepspeech
391,mdigiorgio,2019-04-09 10:26:37,pre,mozilla_deepspeech
392,mrstegeman,2020-07-31 20:44:17,during,mozilla_deepspeech
393,mychiux413,2019-11-29 08:00:16,pre,mozilla_deepspeech
394,nmstoker,2021-02-25 13:26:11,during,mozilla_deepspeech
395,olafthiele,2020-09-08 12:23:43,during,mozilla_deepspeech
396,pbxqdown,2020-07-11 23:01:15,during,mozilla_deepspeech
397,pietrop,2019-12-04 14:24:03,pre,mozilla_deepspeech
398,ptitloup,2020-08-20 07:17:48,during,mozilla_deepspeech
399,qboot,2019-03-03 16:24:26,pre,mozilla_deepspeech
400,rcgale,2019-08-01 18:16:31,pre,mozilla_deepspeech
401,rhamnett,2020-02-17 12:22:07,pre,mozilla_deepspeech
402,ryojiysd,2019-10-23 01:19:26,pre,mozilla_deepspeech
403,sholtrop,2020-12-07 20:05:42,during,mozilla_deepspeech
404,stepkillah,2020-10-13 07:25:40,during,mozilla_deepspeech
405,suriyaa,2020-10-27 10:03:46,during,mozilla_deepspeech
406,thecodrr,2019-12-11 15:17:00,pre,mozilla_deepspeech
407,vinhngx,2019-10-01 14:04:10,pre,mozilla_deepspeech
408,zaptrem,2021-02-12 04:53:06,during,mozilla_deepspeech
409,1AB9502,2019-07-11 16:26:29,pre,apache_superset
410,7vikpeculiar,2022-03-10 02:46:32,post,apache_superset
411,AAfghahi,2021-02-03 15:14:29,during,apache_superset
412,AlexRRR,2019-02-01 13:57:15,pre,apache_superset
413,AndVK,2022-09-15 10:39:31,post,apache_superset
414,Antonio-RiveroMartnez,2022-06-23 13:28:55,post,apache_superset
415,Bonifacio2,2021-05-08 21:48:51,post,apache_superset
416,Caahlo,2019-11-26 10:13:15,pre,apache_superset
417,ChristopherCFleming,2021-12-13 20:04:50,post,apache_superset
418,CoryChaplin,2019-06-11 10:07:30,pre,apache_superset
419,DLT1412,2022-03-07 06:54:27,post,apache_superset
420,Damans227,2021-11-01 19:03:26,post,apache_superset
421,DanRoscigno,2022-05-25 21:11:31,post,apache_superset
422,EBoisseauSierra,2020-08-26 09:20:31,during,apache_superset
423,ETselikov,2021-07-20 14:12:08,post,apache_superset
424,EugeneTorap,2022-01-23 04:19:42,post,apache_superset
425,Gwitchr,2022-03-23 17:59:31,post,apache_superset
426,JakobMiksch,2022-05-09 16:33:30,post,apache_superset
427,JasonD28,2020-06-18 18:39:50,during,apache_superset
428,JosueLugaro,2021-12-13 22:00:09,post,apache_superset
429,KKcorps,2019-08-07 10:38:58,pre,apache_superset
430,KilimAnnejaro,2019-01-07 17:24:58,pre,apache_superset
431,MaiTiano,2019-09-18 08:43:58,pre,apache_superset
432,MatanBobi,2021-05-18 12:47:17,post,apache_superset
433,MaxHuiYYDS,2021-08-05 06:52:34,post,apache_superset
434,MayUWish,2021-12-15 06:30:58,post,apache_superset
435,PApostol,2021-10-29 09:11:33,post,apache_superset
436,PMExtra,2020-11-19 11:53:35,during,apache_superset
437,Paulo-Eduardo,2022-08-18 21:42:17,post,apache_superset
438,Renderz,2022-06-02 02:23:38,post,apache_superset
439,TheLastSultan,2019-05-06 16:30:03,pre,apache_superset
440,Usiel,2022-07-12 11:05:27,post,apache_superset
441,Yann-J,2022-07-15 11:46:31,post,apache_superset
442,a5net,2021-01-24 14:47:03,during,apache_superset
443,aadel,2020-12-14 13:50:26,during,apache_superset
444,aakashnand,2021-04-18 09:36:08,during,apache_superset
445,abhishekjog,2021-07-15 06:20:20,post,apache_superset
446,ad-m,2022-01-19 12:51:19,post,apache_superset
447,agatapst,2020-11-20 09:31:25,during,apache_superset
448,agl-developer,2022-08-17 19:16:00,post,apache_superset
449,akovalyov,2019-01-15 23:11:48,pre,apache_superset
450,alexandersimoes,2021-04-05 15:48:30,during,apache_superset
451,alexkreidler,2021-04-06 03:56:49,during,apache_superset
452,ali-bahjati,2020-01-09 11:55:20,pre,apache_superset
453,aminadha,2021-06-27 12:03:57,post,apache_superset
454,amitmiran137,2020-06-21 04:55:15,during,apache_superset
455,ancasarb,2021-09-05 18:49:31,post,apache_superset
456,andreas-eberle,2021-02-01 11:28:55,during,apache_superset
457,andrewbastian,2021-05-26 22:09:00,post,apache_superset
458,andrewmusselman,2019-04-23 21:38:08,pre,apache_superset
459,aniaan,2021-09-07 16:05:28,post,apache_superset
460,arthurpduarte,2019-08-07 17:44:49,pre,apache_superset
461,asif-ir,2020-03-11 11:03:24,pre,apache_superset
462,atronchi,2022-03-14 20:46:13,post,apache_superset
463,atticoos,2022-06-05 04:30:00,post,apache_superset
464,audour,2021-09-01 14:34:37,post,apache_superset
465,austinpray,2019-10-24 12:42:17,pre,apache_superset
466,auxten,2020-03-18 08:53:07,pre,apache_superset
467,avakarev,2022-02-09 22:34:20,post,apache_superset
468,avlihachev,2022-08-03 11:56:02,post,apache_superset
469,axelet,2020-03-24 11:37:08,pre,apache_superset
470,azhar22k,2020-01-30 05:07:45,pre,apache_superset
471,bawantha,2021-02-12 06:34:48,during,apache_superset
472,bearcage,2019-04-17 19:10:19,pre,apache_superset
473,belgren,2021-10-09 00:08:58,post,apache_superset
474,benvdh,2019-08-14 20:32:57,pre,apache_superset
475,bipinsoniguavus,2019-04-23 13:46:37,pre,apache_superset
476,bkyryliuk,2019-05-01 02:27:15,pre,apache_superset
477,blcksrx,2019-11-23 06:46:49,pre,apache_superset
478,bmfs,2019-06-20 19:21:52,pre,apache_superset
479,brayanarrieta,2020-07-04 18:03:07,during,apache_superset
480,brnnnfx,2022-01-08 17:05:44,post,apache_superset
481,bryanck,2021-01-20 14:05:15,during,apache_superset
482,bryanjtc,2022-09-07 02:38:36,post,apache_superset
483,brylie,2020-09-23 08:49:01,during,apache_superset
484,bungoume,2021-04-25 12:17:32,during,apache_superset
485,cancan101,2022-03-07 18:42:10,post,apache_superset
486,caviliar,2021-11-30 01:47:17,post,apache_superset
487,cccs-Dustin,2022-07-28 18:44:45,post,apache_superset
488,cccs-jc,2021-03-29 18:23:36,during,apache_superset
489,cccs-joel,2021-11-24 16:56:24,post,apache_superset
490,cdmikechen,2019-12-03 00:31:05,pre,apache_superset
491,cdreier,2022-07-22 14:49:02,post,apache_superset
492,cemremengu,2022-03-26 10:07:26,post,apache_superset
493,ceohockey60,2020-04-20 23:47:31,during,apache_superset
494,cgivre,2019-01-07 03:35:41,pre,apache_superset
495,cheunhong,2021-02-14 09:54:38,during,apache_superset
496,chinhngt,2019-01-04 17:25:38,pre,apache_superset
497,christophlingg,2019-10-10 09:10:38,pre,apache_superset
498,codemaster08240328,2022-02-16 13:30:59,post,apache_superset
499,coderfender,2019-10-03 17:08:20,pre,apache_superset
500,codyml,2022-06-08 20:59:19,post,apache_superset
501,connor924,2019-04-19 22:59:04,pre,apache_superset
502,corbinrobb,2021-05-24 00:10:07,post,apache_superset
503,ctSkennerton,2021-02-18 08:32:10,during,apache_superset
504,danielewood,2021-03-01 20:37:45,during,apache_superset
505,datability-io,2019-01-19 17:26:24,pre,apache_superset
506,dbz10,2021-02-10 16:46:49,during,apache_superset
507,dd-willgan,2021-09-07 20:43:12,post,apache_superset
508,derari,2020-01-29 07:35:50,pre,apache_superset
509,dflionis,2019-05-29 16:19:13,pre,apache_superset
510,didva,2021-03-19 22:47:40,during,apache_superset
511,diegoauad,2022-06-03 19:57:59,post,apache_superset
512,diegomedina248,2022-03-07 23:15:29,post,apache_superset
513,dinsaw,2019-11-07 10:11:40,pre,apache_superset
514,dkrat7,2022-06-19 19:23:52,post,apache_superset
515,donbowman,2019-01-31 18:41:11,pre,apache_superset
516,dpgaspar,2019-03-17 19:34:43,pre,apache_superset
517,dreglad,2021-09-22 04:55:38,post,apache_superset
518,dserkowski,2019-06-27 21:43:45,pre,apache_superset
519,dsztykman,2021-07-29 17:49:11,post,apache_superset
520,dungdm93,2021-02-13 08:32:24,during,apache_superset
521,duynguyenhoang,2021-01-08 18:51:12,during,apache_superset
522,ecederstrand,2022-08-15 12:37:41,post,apache_superset
523,einatbar,2021-05-05 07:30:13,post,apache_superset
524,elukey,2019-03-28 15:11:07,pre,apache_superset
525,enricoberti,2019-03-20 10:48:37,pre,apache_superset
526,eric-briscoe,2022-04-02 17:13:35,post,apache_superset
527,etr2460,2019-05-23 21:46:26,pre,apache_superset
528,exemplary-citizen,2021-04-25 21:44:36,during,apache_superset
529,frafra,2021-09-22 13:20:01,post,apache_superset
530,francishemingway,2019-10-27 18:36:02,pre,apache_superset
531,garden-of-delete,2021-08-05 21:40:35,post,apache_superset
532,gbrian,2022-06-06 05:45:21,post,apache_superset
533,geido,2020-11-30 18:08:48,during,apache_superset
534,gforien,2022-07-26 07:50:43,post,apache_superset
535,haaspt,2019-02-07 19:51:35,pre,apache_superset
536,hughhhh,2022-01-14 20:17:00,post,apache_superset
537,iercan,2022-09-27 18:47:42,post,apache_superset
538,jagamts1,2020-08-31 15:22:33,during,apache_superset
539,jawabuu,2021-04-17 05:45:22,during,apache_superset
540,jayakrishnankk,2021-02-03 21:07:07,during,apache_superset
541,jfrag1,2021-01-19 17:32:43,during,apache_superset
542,jimmytheneutrino,2022-05-25 10:53:15,post,apache_superset
543,jinghua-qa,2021-10-07 07:02:15,post,apache_superset
544,jsoref,2022-03-23 18:00:46,post,apache_superset
545,junlincc,2021-01-10 01:03:30,during,apache_superset
546,kakoni,2020-05-13 13:50:24,during,apache_superset
547,kgabryje,2020-09-10 07:50:35,during,apache_superset
548,kkucharc,2020-09-14 17:01:04,during,apache_superset
549,klxiang,2019-09-05 09:26:57,pre,apache_superset
550,krsnik93,2021-04-10 16:44:20,during,apache_superset
551,kstrz,2020-12-16 07:35:40,during,apache_superset
552,ktmud,2019-05-14 07:35:31,pre,apache_superset
553,lamielle,2020-12-17 16:35:05,during,apache_superset
554,lauderbaugh,2022-06-23 21:27:41,post,apache_superset
555,liamnv,2021-07-15 02:05:38,post,apache_superset
556,lilykuang,2020-04-23 02:42:12,during,apache_superset
557,lyndsiWilliams,2021-01-17 06:13:42,during,apache_superset
558,m-ajay,2021-05-04 17:44:37,post,apache_superset
559,maloun96,2020-11-30 12:16:35,during,apache_superset
560,maxmelnick,2019-11-21 03:04:58,pre,apache_superset
561,mayurnewase,2020-11-13 02:42:13,during,apache_superset
562,mdeshmu,2022-09-15 04:42:48,post,apache_superset
563,michael-hoffman-26,2022-02-03 16:38:58,post,apache_superset
564,michael-s-molina,2020-12-09 10:54:05,during,apache_superset
565,mmutiso,2019-04-02 13:54:20,pre,apache_superset
566,mvoitko,2021-06-19 21:54:57,post,apache_superset
567,narendrans,2020-01-08 20:39:44,pre,apache_superset
568,nisheldo,2022-07-16 15:05:04,post,apache_superset
569,nytai,2021-01-22 22:41:49,during,apache_superset
570,octaviancorlade,2020-01-26 19:15:59,pre,apache_superset
571,ofekisr,2020-08-03 08:13:05,during,apache_superset
572,passren,2022-08-04 08:44:52,post,apache_superset
573,paulvic,2019-09-04 19:48:30,pre,apache_superset
574,pkdotson,2022-01-14 02:29:56,post,apache_superset
575,prosdev0107,2022-02-15 23:38:31,post,apache_superset
576,rahul-rahul-sp,2019-07-17 14:48:10,pre,apache_superset
577,rasta-rocket,2021-04-08 17:52:47,during,apache_superset
578,rathberm,2022-08-29 11:44:50,post,apache_superset
579,rijojoseph07,2021-02-16 16:12:54,during,apache_superset
580,rjurney,2019-04-16 20:54:09,pre,apache_superset
581,robdiciuccio,2020-10-06 21:22:04,during,apache_superset
582,rubenSastre,2020-12-09 11:36:27,during,apache_superset
583,rusackas,2019-06-07 22:14:45,pre,apache_superset
584,sadpandajoe,2021-09-16 17:25:03,post,apache_superset
585,schoel-bis,2019-07-26 12:54:37,pre,apache_superset
586,serenajiang,2019-08-09 18:24:52,pre,apache_superset
587,sfirke,2022-07-21 14:27:52,post,apache_superset
588,simcha90,2020-07-23 07:05:38,during,apache_superset
589,sinhashubham95,2022-08-20 07:57:52,post,apache_superset
590,smacker,2019-05-29 17:02:00,pre,apache_superset
591,srinify,2020-09-09 18:15:46,during,apache_superset
592,stellalc7,2021-06-11 01:22:56,post,apache_superset
593,stephenLYZ,2021-03-07 15:50:31,during,apache_superset
594,stevetracvc,2021-09-04 16:25:52,post,apache_superset
595,suddjian,2019-09-26 01:59:47,pre,apache_superset
596,tanmaylaud,2020-07-22 13:52:23,during,apache_superset
597,thinhnd2104,2022-05-06 03:30:26,post,apache_superset
598,thunter009,2019-04-03 14:58:21,pre,apache_superset
599,tirkarthi,2021-11-26 11:06:06,post,apache_superset
600,trepmag,2020-11-04 12:16:49,during,apache_superset
601,villebro,2021-12-01 17:19:36,post,apache_superset
602,vin01,2022-08-10 20:29:48,post,apache_superset
603,wiktor2200,2021-12-28 15:13:50,post,apache_superset
604,wonjin911,2019-02-07 13:05:53,pre,apache_superset
605,xasx,2021-09-07 15:36:29,post,apache_superset
606,xiangfu0,2021-01-14 22:31:38,during,apache_superset
607,xiezhongfu,2021-06-13 12:56:48,post,apache_superset
608,yardz,2021-02-18 12:51:32,during,apache_superset
609,yougyoung94,2021-10-01 01:15:55,post,apache_superset
610,zhaorui2022,2022-06-03 18:14:45,post,apache_superset
611,zhouyao1994,2019-01-04 14:47:16,pre,apache_superset
612,zuzana-vej,2020-08-21 04:34:01,during,apache_superset
613,DarphBobo,2019-10-16 08:37:51,pre,jenkins
614,Egor18,2019-08-21 04:32:34,pre,jenkins
615,EstherAF,2019-10-17 16:00:11,pre,jenkins
616,Kevin-CB,2021-10-04 12:24:36,post,jenkins
617,Langer0416,2022-06-30 16:13:14,post,jenkins
618,NotMyFault,2021-10-23 23:41:55,post,jenkins
619,P4uline,2021-10-04 18:22:30,post,jenkins
620,Pldi23,2021-09-29 11:35:28,post,jenkins
621,Riliane,2022-04-12 12:56:01,post,jenkins
622,Sangaibisi,2020-10-03 12:12:49,during,jenkins
623,Si-So,2021-11-25 14:48:39,post,jenkins
624,StefanSpieker,2019-07-27 13:19:32,pre,jenkins
625,VirtualTim,2020-09-11 08:59:45,during,jenkins
626,Zastai,2020-05-28 21:29:53,during,jenkins
627,aHenryJard,2019-07-19 08:59:02,pre,jenkins
628,agmt5989,2019-09-24 09:14:09,pre,jenkins
629,alauregaillard,2021-10-01 15:07:19,post,jenkins
630,alecharp,2021-01-20 10:09:13,during,jenkins
631,aman-raza,2021-10-10 13:59:45,post,jenkins
632,anafke,2019-10-16 19:36:00,pre,jenkins
633,based2,2019-05-29 21:24:48,pre,jenkins
634,basil,2019-06-04 05:39:17,pre,jenkins
635,belingueres,2019-08-05 19:45:29,pre,jenkins
636,benebsiny,2020-07-29 15:03:25,during,jenkins
637,bozaro,2019-07-09 07:18:53,pre,jenkins
638,calvinpark,2020-04-22 19:43:32,during,jenkins
639,caseyduquettesc,2021-01-05 03:22:53,during,jenkins
640,damianszczepanik,2022-02-12 18:43:15,post,jenkins
641,darinpope,2020-10-21 16:59:41,during,jenkins
642,dduportal,2021-06-18 13:33:15,post,jenkins
643,eas5,2021-03-25 13:44:58,during,jenkins
644,eltociear,2021-03-14 07:42:30,during,jenkins
645,fedepell,2019-11-25 07:29:01,pre,jenkins
646,felfert,2020-03-29 13:04:50,during,jenkins
647,foxtrot9,2019-01-06 03:36:38,pre,jenkins
648,fqueiruga,2019-10-31 10:34:44,pre,jenkins
649,frankie139506,2022-02-21 03:37:06,post,jenkins
650,glasswalk3r,2022-08-29 01:22:03,post,jenkins
651,gnikonorov,2020-12-27 16:31:37,during,jenkins
652,gulyaev13,2020-05-24 12:31:32,during,jenkins
653,janfaracik,2021-08-10 14:04:16,post,jenkins
654,jbleduigou,2020-02-17 19:49:37,pre,jenkins
655,kevinlin18,2022-02-22 15:08:42,post,jenkins
656,longngn,2019-03-18 16:49:14,pre,jenkins
657,markawm,2019-02-14 14:13:43,pre,jenkins
658,mcansozeri,2021-04-04 06:02:55,during,jenkins
659,mustafau,2019-10-19 19:27:14,pre,jenkins
660,nisarg1499,2019-01-31 15:19:42,pre,jenkins
661,nxtn,2020-03-08 13:29:58,pre,jenkins
662,offa,2021-06-30 14:47:49,post,jenkins
663,res0nance,2019-05-23 15:18:13,pre,jenkins
664,slide,2021-10-24 22:37:56,post,jenkins
665,slonopotamus,2019-09-17 13:49:46,pre,jenkins
666,stellargo,2020-01-02 10:53:32,pre,jenkins
667,stikonas,2019-01-11 22:04:51,pre,jenkins
668,takashiharano,2020-06-12 12:57:59,during,jenkins
669,timja,2019-03-14 11:46:50,pre,jenkins
670,tsparber,2019-10-30 13:50:47,pre,jenkins
671,ventojna,2019-10-08 18:41:32,pre,jenkins
672,zbynek,2019-03-12 21:48:33,pre,jenkins
673,AElMehdi,2019-06-15 15:17:40,pre,apache_maven
674,AbdelHajou,2022-10-28 08:28:56,post,apache_maven
675,Dufgui,2021-04-25 08:30:34,during,apache_maven
676,Gakiii,2022-03-04 14:59:11,post,apache_maven
677,Giovds,2021-08-17 19:50:25,post,apache_maven
678,KroArtem,2019-12-07 23:18:34,pre,apache_maven
679,MartinKanters,2019-05-31 13:53:45,pre,apache_maven
680,PoojaChandak,2020-08-07 12:26:39,during,apache_maven
681,arturobernalg,2021-10-06 18:46:40,post,apache_maven
682,azaretsky,2019-10-08 17:56:42,pre,apache_maven
683,belingueres,2019-01-26 04:25:58,pre,apache_maven
684,blindpirate,2019-07-06 00:25:18,pre,apache_maven
685,bmarwell,2020-06-02 09:59:18,during,apache_maven
686,boris-unckel,2021-01-05 21:39:03,during,apache_maven
687,brianf,2022-06-06 19:13:29,post,apache_maven
688,caidezhi,2019-09-04 08:18:20,pre,apache_maven
689,cchacin,2019-09-18 23:51:13,pre,apache_maven
690,dehasi,2020-05-17 10:11:08,during,apache_maven
691,eolivelli,2020-05-10 14:51:07,during,apache_maven
692,ewiegs4,2019-10-01 20:01:33,pre,apache_maven
693,georgiosmakrhs,2020-10-24 15:23:54,during,apache_maven
694,gnodet,2019-06-25 06:30:27,pre,apache_maven
695,guylabs,2019-01-10 14:09:46,pre,apache_maven
696,hgschmie,2022-07-29 04:17:07,post,apache_maven
697,jmhodges,2021-12-29 09:24:45,post,apache_maven
698,jmtd,2021-09-29 10:24:29,post,apache_maven
699,johnlinp,2019-01-10 08:05:15,pre,apache_maven
700,khmarbaise,2019-12-28 22:44:53,pre,apache_maven
701,kthoms,2022-01-15 08:41:44,post,apache_maven
702,kwart,2022-07-12 13:54:59,post,apache_maven
703,kwin,2021-12-06 14:51:34,post,apache_maven
704,lgxbslgx,2021-09-20 03:53:31,post,apache_maven
705,lujiefsi,2021-10-09 02:27:09,post,apache_maven
706,maoshuai,2019-03-24 08:37:15,pre,apache_maven
707,mbruggmann,2020-09-10 13:14:03,during,apache_maven
708,mickroll,2020-08-03 10:22:05,during,apache_maven
709,mthmulders,2020-01-29 09:07:02,pre,apache_maven
710,oehme,2019-03-06 14:31:49,pre,apache_maven
711,pzygielo,2020-06-15 08:02:03,during,apache_maven
712,rfscholte,2019-02-20 21:48:31,pre,apache_maven
713,rosti-il,2019-12-31 23:00:35,pre,apache_maven
714,saturnism,2019-07-18 12:05:44,pre,apache_maven
715,slawekjaranowski,2019-07-15 11:40:06,pre,apache_maven
716,srdo,2019-10-11 22:11:55,pre,apache_maven
717,sultan,2022-10-22 15:25:30,post,apache_maven
718,sungpeo,2021-09-02 02:32:18,post,apache_maven
719,thelproad,2019-08-17 07:21:49,pre,apache_maven
720,Akshit6828,2021-05-04 21:09:58,post,apache_accumulo
721,AlbertWhitlock,2021-01-04 16:35:35,during,apache_accumulo
722,Amisha328,2021-05-02 02:18:42,,apache_accumulo
723,BukrosSzabolcs,2019-08-12 09:08:06,pre,apache_accumulo
724,DomGarguilo,2020-11-16 15:36:26,during,apache_accumulo
725,DonResnik,2019-04-08 00:22:20,pre,apache_accumulo
726,FineAndDandy,2019-02-22 16:47:05,pre,apache_accumulo
727,KikiManjaro,2022-02-20 15:16:18,post,apache_accumulo
728,Manno15,2019-01-24 16:50:08,pre,apache_accumulo
729,MrDLontheway,2019-01-25 01:07:04,pre,apache_accumulo
730,MuazmaZ,2020-02-11 15:29:33,pre,apache_accumulo
731,Shivakumar-SG,2021-08-03 11:59:37,post,apache_accumulo
732,andrewglowacki,2019-02-13 01:19:02,pre,apache_accumulo
733,arvindshmicrosoft,2019-11-12 15:35:48,pre,apache_accumulo
734,bd2019us,2019-04-14 04:49:43,pre,apache_accumulo
735,belugabehr,2019-08-09 14:29:09,pre,apache_accumulo
736,benkelly,2020-07-23 10:31:57,during,apache_accumulo
737,billierinaldi,2019-10-23 15:13:07,pre,apache_accumulo
738,classickartik,2021-07-14 21:01:15,post,apache_accumulo
739,cradal,2020-01-27 13:41:38,pre,apache_accumulo
740,cshannon,2022-07-02 18:48:36,post,apache_accumulo
741,d-hwang,2020-11-27 17:20:45,during,apache_accumulo
742,dlmarion,2020-08-11 11:57:06,during,apache_accumulo
743,elinaawise,2019-04-11 16:47:43,pre,apache_accumulo
744,etseidl,2019-09-18 18:53:06,pre,apache_accumulo
745,filipedfr,2022-01-13 21:54:34,post,apache_accumulo
746,foster33,2021-05-24 15:16:45,post,apache_accumulo
747,harjitdotsingh,2021-03-24 03:28:53,during,apache_accumulo
748,hguercan,2021-04-30 22:56:10,during,apache_accumulo
749,hkeebler,2019-04-15 18:52:33,pre,apache_accumulo
750,jjmar11,2021-04-13 14:49:24,during,apache_accumulo
751,karthick-rn,2019-12-06 12:20:43,pre,apache_accumulo
752,kitswas,2022-04-27 16:45:12,post,apache_accumulo
753,lawynnj,2021-05-01 15:42:21,during,apache_accumulo
754,lbschanno,2020-09-08 14:19:54,during,apache_accumulo
755,mandarinamdar,2019-11-14 23:03:57,pre,apache_accumulo
756,markjens,2021-12-02 12:14:09,post,apache_accumulo
757,markxiaotao,2020-07-08 07:16:07,during,apache_accumulo
758,mjwall,2021-06-19 18:11:02,post,apache_accumulo
759,nicolasalarconrapela,2021-04-29 16:00:30,during,apache_accumulo
760,nikita-sirohi,2022-04-11 18:02:23,post,apache_accumulo
761,nosewings,2022-05-23 16:58:01,post,apache_accumulo
762,reggert,2019-07-07 23:08:44,pre,apache_accumulo
763,sjyang18,2021-01-25 22:11:12,during,apache_accumulo
764,skirklin,2022-06-09 17:46:00,post,apache_accumulo
765,slackwinner,2021-01-07 14:02:31,during,apache_accumulo
766,srajtiwari,2019-11-12 23:10:35,pre,apache_accumulo
767,syedmalimustafa,2021-04-26 18:52:10,during,apache_accumulo
768,tchaie,2022-04-29 20:00:24,post,apache_accumulo
769,trietopsoft,2021-11-17 18:18:40,post,apache_accumulo
770,tulikavijay,2021-10-29 16:20:15,post,apache_accumulo
771,tushardhadiwal,2020-04-20 21:10:56,during,apache_accumulo
772,tynyttie,2020-08-17 17:11:21,during,apache_accumulo
773,varunsh-coder,2022-09-10 18:43:13,post,apache_accumulo
774,wx930910,2021-08-08 05:37:25,post,apache_accumulo
775,Biki-das,2021-12-07 18:14:20,post,react
776,DenrizSusam,2019-01-31 14:23:16,pre,react
777,IDrissAitHafid,2020-10-06 02:24:39,during,react
778,Jack-Works,2022-09-07 03:18:35,post,react
779,Jessidhia,2019-02-04 10:18:38,pre,react
780,JoshuaGross,2019-09-24 22:19:49,pre,react
781,KirankumarAmbati,2019-09-28 19:53:14,pre,react
782,KonstHardy,2021-10-03 16:15:50,post,react
783,M-Izadmehr,2019-09-22 17:41:11,pre,react
784,MichaelDeBoey,2020-05-09 18:32:48,during,react
785,NMinhNguyen,2020-02-27 00:42:18,pre,react
786,Vicachu42,2022-09-18 19:19:04,post,react
787,ZoteTheMighty,2020-10-02 18:18:10,during,react
788,airjp73,2019-09-26 20:40:46,pre,react
789,akgupta0777,2021-09-18 08:50:58,post,react
790,alexandrutasica,2022-05-20 07:43:12,post,react
791,behnammodi,2020-07-03 18:24:41,during,react
792,behzad888,2020-10-28 13:46:16,during,react
793,billyjanitsch,2020-11-11 23:59:16,during,react
794,bowen31337,2021-02-26 10:43:53,during,react
795,byronluk,2021-07-31 06:34:43,post,react
796,calebmer,2019-05-27 23:44:43,pre,react
797,cyan33,2020-04-23 21:09:37,during,react
798,e-hosseini,2021-07-13 12:49:14,post,react
799,eltociear,2020-09-05 16:46:04,during,react
800,epicfaace,2019-03-14 00:09:31,pre,react
801,gabrieltrompiz,2021-10-14 17:24:55,post,react
802,hmohamme,2020-02-21 00:15:39,pre,react
803,hristo-kanchev,2019-04-09 07:41:37,pre,react
804,huozhi,2021-10-27 08:33:36,post,react
805,inokawa,2020-11-07 06:56:28,during,react
806,jddxf,2020-04-05 01:41:35,during,react
807,josepharhar,2020-03-24 02:41:42,pre,react
808,josephsavona,2021-09-27 16:57:09,post,react
809,kbuyukakyuz,2022-05-24 21:13:07,post,react
810,linshunghuang,2019-09-26 02:35:24,pre,react
811,lunaruan,2019-07-01 21:57:05,pre,react
812,mofeiZ,2022-09-07 15:36:07,post,react
813,motiz88,2021-07-02 11:05:40,post,react
814,nutboltu,2020-01-26 09:21:13,pre,react
815,omarsy,2019-02-10 12:39:34,pre,react
816,onionymous,2019-09-11 00:20:22,pre,react
817,pomber,2021-12-17 14:09:04,post,react
818,poteto,2020-11-23 19:12:02,during,react
819,rbalicki2,2022-10-07 19:54:00,post,react
820,rricard,2019-10-06 20:35:04,pre,react
821,salazarm,2021-09-27 23:02:12,post,react
822,sammy-SC,2021-05-24 08:58:00,post,react
823,sktguha,2020-09-30 21:07:25,during,react
824,sophiebits-humu,2019-03-10 19:52:06,pre,react
825,sota000,2021-07-16 22:25:27,post,react
826,submetu,2019-01-30 20:50:34,pre,react
827,taichiyi,2020-06-01 07:23:23,during,react
828,taneliang,2020-08-15 09:16:18,during,react
829,theKashey,2019-06-30 05:30:28,pre,react
830,threepointone,2019-01-11 14:30:06,pre,react
831,tyao1,2022-08-13 00:08:58,post,react
832,wtlin1228,2022-04-05 12:09:56,post,react
833,AngersZhuuuu,2019-03-18 07:13:25,pre,apache_spark
834,EnricoMi,2021-06-17 15:40:18,post,apache_spark
835,GuoPhilipse,2020-04-22 09:22:41,during,apache_spark
836,Kimahriman,2021-04-17 20:50:02,during,apache_spark
837,PavithraRamachandran,2019-06-24 14:38:11,pre,apache_spark
838,Peng-Lei,2021-03-22 10:48:39,during,apache_spark
839,TJX2014,2020-04-11 00:17:17,during,apache_spark
840,Yaohua628,2021-11-07 18:40:54,post,apache_spark
841,Yikun,2021-02-03 07:25:58,during,apache_spark
842,allisonwang-db,2020-06-13 00:43:34,during,apache_spark
843,amaliujia,2021-12-03 22:41:59,post,apache_spark
844,amanomer,2019-08-21 15:46:46,pre,apache_spark
845,anchovYu,2020-08-10 16:43:50,during,apache_spark
846,andygrove,2019-08-30 22:14:32,pre,apache_spark
847,beliefer,2020-02-01 13:17:08,pre,apache_spark
848,bjornjorgensen,2022-04-09 14:34:52,post,apache_spark
849,bozhang2820,2020-09-14 05:49:28,during,apache_spark
850,dbaliafroozeh,2019-08-06 09:17:36,pre,apache_spark
851,dchvn,2021-10-02 04:20:44,post,apache_spark
852,dcoliversun,2021-11-14 01:20:19,post,apache_spark
853,dominikgehl,2021-07-14 13:30:30,post,apache_spark
854,dongjoon-hyun,2022-08-27 03:45:27,post,apache_spark
855,dtenedor,2022-02-26 00:55:04,post,apache_spark
856,eejbyfeldt,2021-06-04 10:07:59,post,apache_spark
857,gemelen,2020-07-14 17:01:36,during,apache_spark
858,grundprinzip,2022-06-15 19:43:21,post,apache_spark
859,iRakson,2019-08-29 09:22:50,pre,apache_spark
860,imback82,2019-06-05 19:09:03,pre,apache_spark
861,itholic,2022-01-07 06:35:10,post,apache_spark
862,jsoref,2020-10-30 14:32:38,during,apache_spark
863,karenfeng,2020-05-12 01:32:38,during,apache_spark
864,kazuyukitanimura,2021-08-10 04:27:28,post,apache_spark
865,khalidmammadov,2022-01-23 16:13:31,post,apache_spark
866,leanken-zz,2019-06-14 06:58:26,pre,apache_spark
867,linhongliu-db,2020-08-21 08:51:10,during,apache_spark
868,lvshaokang,2022-01-15 18:17:16,post,apache_spark
869,martin-g,2022-01-31 13:01:36,post,apache_spark
870,mridulm,2020-05-14 03:43:03,during,apache_spark
871,otterc,2020-01-16 19:16:14,pre,apache_spark
872,pan3793,2020-06-28 19:04:17,during,apache_spark
873,panbingkun,2022-04-14 01:38:25,post,apache_spark
874,planga82,2019-04-21 08:17:09,pre,apache_spark
875,pzzs,2020-09-04 08:17:22,during,apache_spark
876,revans2,2019-06-04 16:04:34,pre,apache_spark
877,shardulm94,2020-10-14 23:42:43,during,apache_spark
878,sigmod,2021-04-06 05:25:56,during,apache_spark
879,tanelk,2020-07-13 19:30:44,during,apache_spark
880,tedyu,2020-12-31 15:02:53,during,apache_spark
881,tomvanbussel,2019-03-07 10:00:01,pre,apache_spark
882,ulysses-you,2019-07-08 06:11:57,pre,apache_spark
883,venkata91,2019-02-15 19:13:55,pre,apache_spark
884,vitaliili-db,2022-04-27 22:08:37,post,apache_spark
885,wangyum,2022-03-09 03:11:29,post,apache_spark
886,wankunde,2020-04-30 09:47:54,during,apache_spark
887,warrenzhu25,2019-10-25 23:12:23,pre,apache_spark
888,williamhyun,2020-05-18 00:07:43,during,apache_spark
889,xinrong-meng,2021-02-03 23:47:29,during,apache_spark
890,xkrogen,2020-06-19 23:37:26,during,apache_spark
891,yaooqinn,2021-04-14 16:44:36,during,apache_spark
892,yeshengm,2019-05-21 18:06:45,pre,apache_spark
893,yhuai,2020-02-06 21:56:26,pre,apache_spark
894,yoda-mon,2021-07-06 02:18:47,post,apache_spark
895,AndrewJack,2020-07-30 11:46:11,during,react_native
896,AntoineDoubovetzky,2019-04-06 20:29:11,pre,react_native
897,Esemesek,2020-04-06 13:54:12,during,react_native
898,EvanBacon,2021-10-18 22:20:32,post,react_native
899,Huxpro,2021-04-29 23:43:15,during,react_native
900,IanChilds,2020-08-28 01:32:37,during,react_native
901,JoshuaGross,2021-02-12 00:46:34,during,react_native
902,MaeIg,2021-12-07 22:19:43,post,react_native
903,Marcoo09,2022-03-29 19:13:36,post,react_native
904,PeteTheHeat,2020-01-10 21:06:57,pre,react_native
905,Pranav-yadav,2022-10-24 15:12:31,post,react_native
906,SidharthGuglani-zz,2019-07-18 08:10:29,pre,react_native
907,Simek,2020-03-18 18:27:09,pre,react_native
908,ZHUANGPP,2020-06-18 17:57:44,during,react_native
909,ZihanChen-MSFT,2022-07-06 20:48:41,post,react_native
910,aditya7fb,2020-05-14 15:34:46,during,react_native
911,aniketmathur,2022-02-09 02:55:22,post,react_native
912,calebmer,2019-05-23 01:27:01,pre,react_native
913,charlesbdudley,2021-07-29 21:23:38,post,react_native
914,chiaramooney,2021-12-02 23:11:42,post,react_native
915,chirag-singhal,2020-06-08 06:50:21,during,react_native
916,cipolleschi,2022-02-18 10:43:42,post,react_native
917,cortinico,2021-08-06 17:56:04,post,react_native
918,d16r,2022-06-15 17:25:32,post,react_native
919,dakshbhardwaj,2022-08-02 06:10:34,post,react_native
920,dhruvtailor7,2022-08-03 10:11:44,post,react_native
921,dmytrorykun,2022-05-04 14:32:01,post,react_native
922,ecreeth,2019-06-24 13:49:19,pre,react_native
923,emilioicai,2019-12-19 15:11:23,pre,react_native
924,ericlewis,2019-02-15 20:46:46,pre,react_native
925,fabriziobertoglio1987,2020-01-13 11:02:06,pre,react_native
926,fkgozali,2019-07-10 23:46:52,pre,react_native
927,fortmarek,2021-11-22 10:12:13,post,react_native
928,gabrieldonadel,2020-08-13 02:03:42,during,react_native
929,gedeagas,2020-03-02 09:42:04,pre,react_native
930,grit96,2020-12-17 11:49:41,during,react_native
931,hoxyq,2022-10-04 13:44:57,post,react_native
932,huntie,2022-07-08 15:20:53,post,react_native
933,iBotPeaches,2021-05-06 16:57:59,post,react_native
934,jacobp100,2020-12-07 16:18:35,during,react_native
935,jeswinsimon,2019-08-09 19:15:28,pre,react_native
936,joshuapinter,2019-04-21 23:38:35,pre,react_native
937,ken0nek,2021-08-02 08:23:21,post,react_native
938,leotm,2022-08-16 15:10:56,post,react_native
939,lucasbento,2019-04-11 09:37:27,pre,react_native
940,lunaleaps,2019-05-06 22:30:38,pre,react_native
941,matt-oakes,2019-01-12 22:55:54,pre,react_native
942,michalchudziak,2021-03-12 18:16:53,during,react_native
943,mikehardy,2019-04-18 21:55:30,pre,react_native
944,mweststrate,2020-03-04 11:20:09,pre,react_native
945,nadiia,2020-09-29 19:13:58,during,react_native
946,neildhar,2021-09-22 03:56:15,post,react_native
947,nossbigg,2019-01-24 08:12:52,pre,react_native
948,p-sun,2022-08-27 05:32:04,post,react_native
949,philIip,2021-07-28 17:22:50,post,react_native
950,priteshrnandgaonkar,2019-05-13 13:12:05,pre,react_native
951,retyui,2020-12-27 14:55:41,during,react_native
952,safaiyeh,2019-12-27 17:50:11,pre,react_native
953,satya164,2019-03-22 12:52:07,pre,react_native
954,shergin,2019-04-13 04:15:47,pre,react_native
955,sota000,2021-08-10 18:06:30,post,react_native
956,steveluscher,2020-08-31 16:41:52,during,react_native
957,vincentriemer,2021-10-22 21:58:04,post,react_native
958,wcandillon,2020-05-05 10:38:05,during,react_native
959,willholen,2019-10-03 00:22:54,pre,react_native
960,yungsters,2020-04-21 23:19:41,during,react_native
961,116050423,2021-12-15 12:06:05,post,apache_echarts
962,Amice13,2022-06-18 10:23:22,post,apache_echarts
963,Asiotus,2019-11-15 15:20:09,pre,apache_echarts
964,Bilge,2021-04-26 21:27:59,during,apache_echarts
965,BrianGilbert,2020-04-06 02:02:25,during,apache_echarts
966,CaelumNigre,2021-06-04 08:43:51,post,apache_echarts
967,CarterLi,2019-03-19 12:16:01,pre,apache_echarts
968,ChepteaCatalin,2022-09-02 06:54:27,post,apache_echarts
969,ClemMakesApps,2019-01-18 21:20:15,pre,apache_echarts
970,Cuiyansong,2022-01-14 09:31:05,post,apache_echarts
971,DalpatRathore,2022-03-27 05:27:20,post,apache_echarts
972,DenrizSusam,2019-02-04 13:34:25,pre,apache_echarts
973,Dingzhaocheng,2021-12-18 03:39:26,post,apache_echarts
974,Ende93,2019-01-07 13:57:53,pre,apache_echarts
975,FrankChencc,2022-01-19 08:30:55,post,apache_echarts
976,Gyyi,2022-01-26 07:15:53,post,apache_echarts
977,Hansz00,2020-07-29 12:39:56,during,apache_echarts
978,JiriBalcar,2021-03-14 13:26:18,during,apache_echarts
979,John60676,2021-08-05 07:10:01,post,apache_echarts
980,MYKEU,2020-02-18 13:47:45,pre,apache_echarts
981,MainHou,2022-10-08 14:44:46,post,apache_echarts
982,Map1en,2021-05-10 08:30:41,post,apache_echarts
983,MeetzhDing,2022-04-24 03:48:38,post,apache_echarts
984,Nick22nd,2020-07-09 07:56:26,during,apache_echarts
985,Rain120,2022-01-19 08:37:44,post,apache_echarts
986,SREELAKSHMI-NAYATH,2019-10-23 06:11:45,pre,apache_echarts
987,SnailSword,2021-11-01 04:21:45,post,apache_echarts
988,TYzzt,2019-10-21 08:24:58,pre,apache_echarts
989,WebCodePro719,2019-11-05 16:07:18,pre,apache_echarts
990,WindyZ99,2022-03-13 12:12:16,post,apache_echarts
991,ZXYT,2022-07-14 08:49:26,post,apache_echarts
992,Zaynex,2020-01-11 06:54:59,pre,apache_echarts
993,ZeekoZhu,2022-06-26 04:14:09,post,apache_echarts
994,ZxdNoob,2019-05-17 08:45:04,pre,apache_echarts
995,alex2wong,2019-09-21 14:23:37,pre,apache_echarts
996,andrearoota,2021-10-22 01:05:23,post,apache_echarts
997,bantic,2019-10-15 18:17:02,pre,apache_echarts
998,baxtergu,2021-01-04 04:16:54,during,apache_echarts
999,benlongo,2022-04-06 02:21:27,post,apache_echarts
1000,benmccann,2020-12-28 04:30:30,during,apache_echarts
1001,breizh24,2022-10-20 23:57:28,post,apache_echarts
1002,clChenLiang,2020-05-20 08:17:37,during,apache_echarts
1003,code4fan,2019-11-15 05:29:45,pre,apache_echarts
1004,congjiujiu,2021-05-25 11:00:14,post,apache_echarts
1005,deqingli,2019-03-01 06:20:54,pre,apache_echarts
1006,dileepyelleti,2021-04-23 12:17:28,during,apache_echarts
1007,dougalg,2021-05-06 03:36:58,post,apache_echarts
1008,dr-itz,2020-08-07 11:53:41,during,apache_echarts
1009,earo-Lau,2019-10-14 02:08:46,pre,apache_echarts
1010,foolzhang,2019-11-04 05:00:42,pre,apache_echarts
1011,fuchunhui,2021-04-22 04:15:42,during,apache_echarts
1012,g7i,2021-02-28 05:52:01,during,apache_echarts
1013,gitforhlp,2022-08-29 07:49:03,post,apache_echarts
1014,gracelia,2019-11-03 09:08:23,pre,apache_echarts
1015,howel52,2019-11-26 13:57:36,pre,apache_echarts
1016,jiawulin001,2022-03-22 06:22:04,post,apache_echarts
1017,johanvdw,2021-09-28 15:06:16,post,apache_echarts
1018,junmer,2020-09-29 07:22:20,during,apache_echarts
1019,kongmoumou,2021-07-28 07:25:18,post,apache_echarts
1020,kxxoling,2022-06-09 15:37:06,post,apache_echarts
1021,lefex,2022-01-15 08:44:20,post,apache_echarts
1022,leosxie,2021-11-01 06:47:56,post,apache_echarts
1023,linghaoSu,2021-08-06 00:33:34,post,apache_echarts
1024,liulinboyi,2020-06-08 12:32:05,during,apache_echarts
1025,liunana1230,2020-07-06 06:03:47,during,apache_echarts
1026,lzr900515,2020-05-15 12:19:44,during,apache_echarts
1027,mKainzbauer,2021-05-02 10:27:06,,apache_echarts
1028,mountainash,2022-10-11 12:59:29,post,apache_echarts
1029,newraina,2019-12-17 10:10:58,pre,apache_echarts
1030,plainheart,2020-03-30 04:56:00,during,apache_echarts
1031,quillblue,2021-02-27 11:48:20,during,apache_echarts
1032,regrex,2020-06-04 09:04:29,during,apache_echarts
1033,ryanhex53,2019-10-15 10:25:27,pre,apache_echarts
1034,siminx,2020-02-12 05:42:20,pre,apache_echarts
1035,ssthouse,2021-06-07 07:48:44,post,apache_echarts
1036,stephenLYZ,2021-05-04 10:55:19,post,apache_echarts
1037,susiwen8,2019-04-04 11:35:20,pre,apache_echarts
1038,svedova,2021-08-23 10:18:54,post,apache_echarts
1039,swsoyee,2020-10-21 16:06:16,during,apache_echarts
1040,szilard-dobai,2021-11-01 19:59:39,post,apache_echarts
1041,thesiti92,2021-02-11 22:27:14,during,apache_echarts
1042,twittwer,2021-02-25 14:02:47,during,apache_echarts
1043,tyn1998,2022-05-23 09:29:45,post,apache_echarts
1044,vojty,2021-11-22 09:31:23,post,apache_echarts
1045,wangguisong,2022-04-26 05:30:25,post,apache_echarts
1046,wenbin-im,2021-01-09 16:50:14,during,apache_echarts
1047,wf123537200,2020-04-24 01:09:26,during,apache_echarts
1048,williamorim,2021-09-14 19:09:00,post,apache_echarts
1049,xmatthias,2020-06-19 05:08:50,during,apache_echarts
1050,xvaara,2022-02-10 13:05:35,post,apache_echarts
1051,yanheSu,2019-12-19 12:05:10,pre,apache_echarts
1052,yassilah,2022-10-01 13:43:11,post,apache_echarts
1053,yuanjiangxia,2022-03-23 09:09:11,post,apache_echarts
1054,yufeng04,2019-05-07 12:40:09,pre,apache_echarts
1055,zhiyuc123,2021-07-16 06:18:32,post,apache_echarts
1056,24kpure,2021-06-24 10:53:17,post,apache_dubbo
1057,54hechuan,2019-08-09 01:27:59,pre,apache_dubbo
1058,896938034,2019-11-20 10:06:37,pre,apache_dubbo
1059,AbelSara,2021-06-27 10:50:46,post,apache_dubbo
1060,AlbumenJ,2019-09-27 09:21:08,pre,apache_dubbo
1061,AlexRenCN,2019-11-29 06:19:23,pre,apache_dubbo
1062,AnthonyKot,2019-07-16 12:51:18,pre,apache_dubbo
1063,Augustvic,2021-03-28 11:10:49,during,apache_dubbo
1064,Bentley-William,2022-06-28 06:01:21,post,apache_dubbo
1065,Bo-Qiu,2022-06-24 07:17:18,post,apache_dubbo
1066,Bricks-Man,2020-06-09 03:11:52,during,apache_dubbo
1067,BurningCN,2020-12-01 04:13:35,during,apache_dubbo
1068,CalvinKirs,2021-01-12 13:36:52,during,apache_dubbo
1069,Chromico,2022-04-01 13:06:39,post,apache_dubbo
1070,Codegass,2022-03-11 14:21:20,post,apache_dubbo
1071,CodingSinger,2019-07-09 12:43:34,pre,apache_dubbo
1072,Cyc1ops,2022-10-02 09:34:35,post,apache_dubbo
1073,DIscord010,2020-02-27 02:07:06,pre,apache_dubbo
1074,DangHT,2020-06-25 16:08:34,during,apache_dubbo
1075,EarthChen,2022-04-13 06:46:15,post,apache_dubbo
1076,FastAtlas,2021-09-07 10:10:31,post,apache_dubbo
1077,GungnirLaevatain,2019-12-10 03:59:03,pre,apache_dubbo
1078,Hansanshi,2019-11-21 01:21:07,pre,apache_dubbo
1079,Hearen,2019-09-10 12:43:52,pre,apache_dubbo
1080,Henrik-Yao,2022-04-16 02:58:33,post,apache_dubbo
1081,HetaoWang,2021-11-11 04:38:43,post,apache_dubbo
1082,HildoYe,2021-10-25 05:20:18,post,apache_dubbo
1083,Hinsteny,2020-03-16 03:01:48,pre,apache_dubbo
1084,HugeSkull,2020-03-12 19:32:35,pre,apache_dubbo
1085,Huijing-Xu,2021-05-20 08:23:18,post,apache_dubbo
1086,InstallingB,2019-11-19 02:03:32,pre,apache_dubbo
1087,JasmineJ1230,2021-07-11 06:31:29,post,apache_dubbo
1088,JavaLionLi,2022-09-26 09:55:56,post,apache_dubbo
1089,JdjzV,2021-07-02 09:56:01,post,apache_dubbo
1090,John-Smile,2019-03-10 15:01:43,pre,apache_dubbo
1091,JooKS-me,2021-10-05 01:39:42,post,apache_dubbo
1092,Kvicii,2020-04-11 15:08:10,during,apache_dubbo
1093,LALAYANG,2021-08-09 05:43:15,post,apache_dubbo
1094,Leishunyu,2019-07-18 03:00:48,pre,apache_dubbo
1095,Likenttt,2021-08-17 03:56:46,post,apache_dubbo
1096,LinShunKang,2019-11-20 12:30:50,pre,apache_dubbo
1097,LiosWong,2022-05-14 11:52:45,post,apache_dubbo
1098,OLPMO,2020-01-07 07:19:43,pre,apache_dubbo
1099,RojerAlone,2019-06-27 07:54:44,pre,apache_dubbo
1100,Technoboy-,2020-07-15 10:29:41,during,apache_dubbo
1101,TianCheng88,2022-08-11 06:43:40,post,apache_dubbo
1102,TigerTurbo,2022-03-29 01:48:03,post,apache_dubbo
1103,TingSky,2019-07-05 09:03:31,pre,apache_dubbo
1104,TrueAbc,2022-07-07 06:09:03,post,apache_dubbo
1105,Trying-hc,2022-07-07 02:39:20,post,apache_dubbo
1106,XIACYBING,2021-08-31 06:12:25,post,apache_dubbo
1107,XiaoWeiKIN,2022-05-28 09:13:46,post,apache_dubbo
1108,YoungHu,2022-05-07 12:55:01,post,apache_dubbo
1109,ZakiFan,2021-05-19 02:53:03,post,apache_dubbo
1110,a364176773,2021-06-19 08:20:29,post,apache_dubbo
1111,akaakking,2022-10-23 13:01:46,post,apache_dubbo
1112,alany9552,2021-10-31 03:49:50,post,apache_dubbo
1113,anLA7856,2020-04-19 04:25:37,during,apache_dubbo
1114,andyqian,2019-06-13 12:13:10,pre,apache_dubbo
1115,aquariuspj,2019-03-07 17:09:28,pre,apache_dubbo
1116,asa3311,2022-10-13 10:10:14,post,apache_dubbo
1117,awayings,2019-02-20 06:13:55,pre,apache_dubbo
1118,beiwei30,2019-09-07 15:50:03,pre,apache_dubbo
1119,bigwg,2019-07-30 03:38:34,pre,apache_dubbo
1120,brotherlu-xcq,2020-04-17 12:43:23,during,apache_dubbo
1121,changfubai,2021-08-16 11:02:54,post,apache_dubbo
1122,charish00,2019-08-21 07:37:35,pre,apache_dubbo
1123,cheese8,2022-05-27 07:44:51,post,apache_dubbo
1124,chenyanlann,2022-07-19 14:52:25,post,apache_dubbo
1125,chenziqiang666,2022-07-07 07:04:31,post,apache_dubbo
1126,cnjxzhao,2021-06-02 09:08:12,post,apache_dubbo
1127,codeimport,2019-07-16 03:02:26,pre,apache_dubbo
1128,complone,2022-01-02 01:58:23,post,apache_dubbo
1129,conghuhu,2022-10-02 08:41:31,post,apache_dubbo
1130,crossoverJie,2019-07-18 16:17:50,pre,apache_dubbo
1131,dadadadudu,2022-08-19 09:14:59,post,apache_dubbo
1132,dbolkensteyn,2019-10-04 07:55:39,pre,apache_dubbo
1133,dgzpg,2021-07-10 10:06:03,post,apache_dubbo
1134,dhchao11,2019-08-09 11:59:36,pre,apache_dubbo
1135,diguage,2020-07-06 11:35:14,during,apache_dubbo
1136,dj080808,2019-09-17 07:41:18,pre,apache_dubbo
1137,dragon-zhang,2022-10-12 03:06:12,post,apache_dubbo
1138,dreamer-nitj,2019-02-07 15:51:37,pre,apache_dubbo
1139,fakefrog,2020-05-25 08:25:50,during,apache_dubbo
1140,fanghuabing,2019-09-05 07:30:03,pre,apache_dubbo
1141,fangliji,2021-07-02 14:33:19,post,apache_dubbo
1142,finalcola,2019-07-19 06:25:42,pre,apache_dubbo
1143,freekry,2019-08-10 13:20:01,pre,apache_dubbo
1144,guohao,2021-03-01 06:50:07,during,apache_dubbo
1145,haiyang1985,2019-10-12 10:29:12,pre,apache_dubbo
1146,haoyann,2021-02-21 05:28:24,during,apache_dubbo
1147,happytimor,2022-07-11 01:56:50,post,apache_dubbo
1148,hboutemy,2020-04-01 02:53:24,during,apache_dubbo
1149,hdyztmdqd,2022-06-13 16:03:21,post,apache_dubbo
1150,hellosx,2020-03-26 10:03:40,pre,apache_dubbo
1151,hengyunabc,2019-08-02 07:49:17,pre,apache_dubbo
1152,hjq2016,2019-01-02 01:48:44,pre,apache_dubbo
1153,horizonzy,2020-05-09 15:04:21,during,apache_dubbo
1154,htynkn,2021-05-23 06:16:52,post,apache_dubbo
1155,huangdx0726,2019-08-01 06:56:34,pre,apache_dubbo
1156,huangwenkan9,2021-10-15 14:22:27,post,apache_dubbo
1157,hunjipo,2021-06-29 02:24:07,post,apache_dubbo
1158,huyuechy,2019-06-28 12:35:27,pre,apache_dubbo
1159,icankeep,2021-04-30 06:56:03,during,apache_dubbo
1160,icodening,2022-02-16 15:00:07,post,apache_dubbo
1161,imuxi,2019-11-23 07:00:02,pre,apache_dubbo
1162,islongfei,2021-11-15 06:37:12,post,apache_dubbo
1163,iwhalecloud-platform,2019-07-09 06:42:42,pre,apache_dubbo
1164,jamesxuhaozhe,2019-04-26 06:17:32,pre,apache_dubbo
1165,jerrick-zhu,2021-11-02 03:54:59,post,apache_dubbo
1166,jessin20161124,2022-01-09 02:39:32,post,apache_dubbo
1167,jk-tonycui,2022-08-06 10:05:16,post,apache_dubbo
1168,jobop,2022-08-16 10:31:05,post,apache_dubbo
1169,juliuszhang,2020-05-07 06:13:01,during,apache_dubbo
1170,juzi214032,2021-12-26 14:20:20,post,apache_dubbo
1171,kaiyaok2,2022-05-01 12:58:29,post,apache_dubbo
1172,kealdishx,2021-08-14 04:37:41,post,apache_dubbo
1173,kevinten10,2021-06-30 03:29:17,post,apache_dubbo
1174,kevinw66,2020-12-25 11:32:08,during,apache_dubbo
1175,klebertarcisio,2020-05-13 19:51:40,during,apache_dubbo
1176,klzami,2021-05-08 12:47:15,post,apache_dubbo
1177,kunblue,2019-01-25 14:38:54,pre,apache_dubbo
1178,kylixs,2020-10-20 10:54:33,during,apache_dubbo
1179,laddcn,2020-02-01 04:05:50,pre,apache_dubbo
1180,laosijikaichele,2022-01-12 04:59:21,post,apache_dubbo
1181,lebron374,2020-05-31 09:50:51,during,apache_dubbo
1182,leechor,2019-06-16 04:28:48,pre,apache_dubbo
1183,leihuazhe,2019-07-01 07:33:22,pre,apache_dubbo
1184,leizhiyuan,2021-08-27 03:26:05,post,apache_dubbo
1185,levis9527,2022-03-07 03:26:24,post,apache_dubbo
1186,leyou240,2021-05-08 06:27:38,post,apache_dubbo
1187,likemoongg,2021-04-13 17:15:00,during,apache_dubbo
1188,liufeiyu1002,2022-08-15 12:58:20,post,apache_dubbo
1189,liugddx,2021-04-21 07:56:48,during,apache_dubbo
1190,liujunzxcv,2019-04-21 15:21:25,pre,apache_dubbo
1191,lixiaojiee,2022-10-26 03:50:53,post,apache_dubbo
1192,lovepoem,2019-05-24 16:10:50,pre,apache_dubbo
1193,luoning810,2020-05-13 07:18:09,during,apache_dubbo
1194,luryson,2019-04-19 13:30:07,pre,apache_dubbo
1195,manzhizhen,2019-02-03 15:38:10,pre,apache_dubbo
1196,mawenlong1,2019-03-26 14:24:50,pre,apache_dubbo
1197,maxiaoguang64,2019-12-06 02:25:50,pre,apache_dubbo
1198,mayankkt9,2019-12-30 04:46:36,pre,apache_dubbo
1199,mimihom,2019-05-20 00:41:08,pre,apache_dubbo
1200,mjaow,2019-01-20 16:59:45,pre,apache_dubbo
1201,monkeyWie,2021-11-19 07:38:20,post,apache_dubbo
1202,mooseen,2020-02-04 12:29:49,pre,apache_dubbo
1203,mr3,2021-06-10 02:42:42,post,apache_dubbo
1204,mrhbj,2021-11-13 16:51:17,post,apache_dubbo
1205,niejian,2021-03-09 08:59:30,during,apache_dubbo
1206,nihongye,2019-03-07 12:17:46,pre,apache_dubbo
1207,nineyang,2020-06-15 03:26:19,during,apache_dubbo
1208,nullcodeexecutor,2019-06-17 15:17:48,pre,apache_dubbo
1209,nzomkxia,2019-05-16 07:10:45,pre,apache_dubbo
1210,oaoit,2020-05-16 14:17:57,during,apache_dubbo
1211,odrepa,2021-11-13 06:05:59,post,apache_dubbo
1212,owen200008,2020-07-29 02:22:27,during,apache_dubbo
1213,pandaapo,2022-09-21 02:17:14,post,apache_dubbo
1214,panxiaojun233,2020-09-04 22:55:59,during,apache_dubbo
1215,pinxiong,2021-03-20 13:30:03,during,apache_dubbo
1216,pjfanning,2022-03-16 00:20:23,post,apache_dubbo
1217,plusmancn,2021-08-20 16:09:36,post,apache_dubbo
1218,pugwoo,2019-12-02 01:57:12,pre,apache_dubbo
1219,qinliujie,2022-06-01 06:47:32,post,apache_dubbo
1220,qixiaobo,2019-06-25 01:15:13,pre,apache_dubbo
1221,r1-12king,2021-09-09 02:25:58,post,apache_dubbo
1222,robberphex,2021-01-17 12:39:45,during,apache_dubbo
1223,rupertw,2019-02-26 15:34:37,pre,apache_dubbo
1224,sagexueqi,2022-06-30 13:51:28,post,apache_dubbo
1225,sashashura,2022-08-29 09:49:46,post,apache_dubbo
1226,scxwhite,2019-06-18 07:37:47,pre,apache_dubbo
1227,seasidesky,2020-03-28 02:31:17,,apache_dubbo
1228,seedeed,2020-02-18 10:07:38,pre,apache_dubbo
1229,sh1yu,2021-07-12 15:50:30,post,apache_dubbo
1230,shouhong,2019-07-09 13:51:46,pre,apache_dubbo
1231,shoukai,2020-03-19 13:30:57,pre,apache_dubbo
1232,shtke,2019-12-27 13:32:46,pre,apache_dubbo
1233,shy-share,2021-12-06 01:48:31,post,apache_dubbo
1234,skyguard1,2020-06-24 09:16:11,during,apache_dubbo
1235,slankka,2019-10-27 12:46:12,pre,apache_dubbo
1236,slievrly,2019-01-21 11:46:56,pre,apache_dubbo
1237,smipo,2019-07-30 03:08:45,pre,apache_dubbo
1238,sofkyle,2019-07-06 15:40:41,pre,apache_dubbo
1239,sonymoon,2019-09-12 11:15:27,pre,apache_dubbo
1240,stone-98,2021-09-09 06:05:30,post,apache_dubbo
1241,stoneapple,2022-08-24 05:08:39,post,apache_dubbo
1242,stonelion,2020-12-22 05:09:09,during,apache_dubbo
1243,sunchaser-lilu,2022-09-15 07:12:17,post,apache_dubbo
1244,tain198127,2022-03-23 06:19:34,post,apache_dubbo
1245,tangcent,2019-07-26 06:06:52,pre,apache_dubbo
1246,tanoak10,2022-02-17 01:15:20,post,apache_dubbo
1247,thelproad,2019-08-19 06:28:03,pre,apache_dubbo
1248,tianshuang,2021-12-06 13:44:15,post,apache_dubbo
1249,tomatofrommars,2020-07-29 09:32:30,during,apache_dubbo
1250,tonymarz,2021-07-21 06:13:56,post,apache_dubbo
1251,trytocatch,2020-03-17 16:54:02,pre,apache_dubbo
1252,tswstarplanet,2019-01-14 18:19:53,pre,apache_dubbo
1253,uglycow,2019-05-30 03:01:35,pre,apache_dubbo
1254,ujjboy,2019-02-25 06:37:05,pre,apache_dubbo
1255,victory460,2022-08-02 06:01:04,post,apache_dubbo
1256,wangchengming666,2022-07-03 09:04:48,post,apache_dubbo
1257,wanghbxxxx,2019-01-30 05:36:28,pre,apache_dubbo
1258,wangnimaa,2020-12-02 02:04:24,during,apache_dubbo
1259,wangxin1028,2020-05-06 02:49:40,during,apache_dubbo
1260,water-coder,2020-10-15 09:20:59,during,apache_dubbo
1261,web1992,2019-04-19 07:42:32,pre,apache_dubbo
1262,weixing1204,2020-01-07 15:23:58,pre,apache_dubbo
1263,win120a,2022-07-07 12:02:50,post,apache_dubbo
1264,wolfdriver,2020-09-21 06:58:51,during,apache_dubbo
1265,wucheng1997,2022-10-18 05:57:45,post,apache_dubbo
1266,wuhulala,2021-07-17 09:13:04,post,apache_dubbo
1267,x-shadow-man,2021-09-01 08:03:31,post,apache_dubbo
1268,xh1202,2021-07-01 17:16:35,post,apache_dubbo
1269,xiamenmin,2020-02-21 09:41:17,pre,apache_dubbo
1270,xiaochangbai,2021-11-29 13:40:37,post,apache_dubbo
1271,xiaoheng1,2019-05-21 02:15:00,pre,apache_dubbo
1272,xiaomiusa87,2022-08-14 03:33:53,post,apache_dubbo
1273,xiaomoran,2019-09-07 07:59:53,pre,apache_dubbo
1274,xxxcrel,2022-03-22 09:32:00,post,apache_dubbo
1275,xylsh,2020-02-28 15:20:23,pre,apache_dubbo
1276,yangzan0816,2020-09-02 01:57:12,during,apache_dubbo
1277,yanhom1314,2022-05-14 02:26:50,post,apache_dubbo
1278,zhangjiezhang,2021-03-29 05:27:39,during,apache_dubbo
1279,zhangyz-hd,2020-07-16 14:10:56,during,apache_dubbo
1280,zhaoyuguang,2019-03-22 03:16:17,pre,apache_dubbo
1281,zhaoyunxing92,2022-06-24 11:04:18,post,apache_dubbo
1282,zhenxianyimeng,2019-06-24 03:18:01,pre,apache_dubbo
1283,zhoumengyks,2022-10-08 12:46:00,post,apache_dubbo
1284,zhuangjinjin,2019-07-04 04:16:16,pre,apache_dubbo
1285,zishinan,2019-06-12 15:46:30,pre,apache_dubbo
1286,zouyx,2020-06-30 07:50:22,during,apache_dubbo
1287,zrlw,2021-07-04 11:44:09,post,apache_dubbo
1288,2ZeroSix,2019-12-22 21:20:10,pre,flutter
1289,Abhishek01039,2021-01-19 04:50:43,during,flutter
1290,AesSedai101,2022-03-31 08:37:11,post,flutter
1291,Alabhya268,2021-04-14 14:08:42,during,flutter
1292,AlexV525,2020-03-26 09:59:14,pre,flutter
1293,Amitpatil215,2020-10-31 18:21:06,during,flutter
1294,Anas35,2021-03-07 04:18:38,during,flutter
1295,AyushBherwani1998,2020-03-18 11:11:57,pre,flutter
1296,Bonsai11,2021-07-27 15:33:33,post,flutter
1297,Calamity210,2021-05-03 12:57:20,post,flutter
1298,CareF,2020-06-05 03:37:07,during,flutter
1299,CaseyHillers,2019-11-04 22:29:16,pre,flutter
1300,ChoiAhHyun,2020-08-04 15:30:22,during,flutter
1301,CoderDake,2022-03-23 14:38:04,post,flutter
1302,ColdPaleLight,2019-03-16 08:38:03,pre,flutter
1303,DanTup,2022-04-06 16:39:10,post,flutter
1304,DanielEdrisian,2020-09-16 18:54:58,during,flutter
1305,Hamdor,2021-05-14 15:48:27,post,flutter
1306,Hari-07,2022-02-15 15:57:43,post,flutter
1307,HeavenOSK,2019-03-09 07:18:40,pre,flutter
1308,HelloCore,2021-04-08 15:54:17,during,flutter
1309,Im-Kevin,2020-08-20 11:48:41,during,flutter
1310,Inconnu08,2019-09-05 10:25:58,pre,flutter
1311,Jasguerrero,2022-01-25 19:00:26,post,flutter
1312,Jjagg,2020-05-12 14:02:25,during,flutter
1313,JoseAlba,2019-09-30 13:38:19,pre,flutter
1314,JsouLiang,2021-12-10 02:55:09,post,flutter
1315,JuYeong0413,2020-06-05 12:22:27,during,flutter
1316,Kavantix,2019-10-02 13:05:28,pre,flutter
1317,LongCatIsLooong,2019-03-25 17:54:11,pre,flutter
1318,M97Chahboun,2022-03-06 13:49:57,post,flutter
1319,MitchellGoodwin,2022-07-14 20:33:45,post,flutter
1320,Mokusesei,2020-10-29 15:50:48,during,flutter
1321,Moluram,2021-05-03 13:44:16,post,flutter
1322,MrBirb,2021-03-07 13:06:26,during,flutter
1323,NWalker1208,2021-01-01 19:38:18,during,flutter
1324,Nash0x7E2,2020-01-18 19:51:26,pre,flutter
1325,Piinks,2019-02-04 18:59:50,pre,flutter
1326,PixelToast,2020-05-14 21:26:41,during,flutter
1327,Pragya007,2020-07-12 11:28:34,during,flutter
1328,QuncCccccc,2022-03-22 23:21:56,post,flutter
1329,Renzo-Olivares,2020-06-16 18:57:26,during,flutter
1330,RoyARG02,2020-10-06 14:43:07,during,flutter
1331,Sunbreak,2019-11-30 16:43:16,pre,flutter
1332,Swiftaxe,2021-07-31 19:57:24,post,flutter
1333,TahaTesser,2021-04-03 21:42:49,during,flutter
1334,ValentinVignal,2021-04-27 14:16:00,during,flutter
1335,WasserEsser,2020-03-05 22:43:19,pre,flutter
1336,XilaiZhang,2022-03-14 22:44:42,post,flutter
1337,YeungKC,2020-09-08 01:58:42,during,flutter
1338,Yugue,2021-09-08 15:00:09,post,flutter
1339,Zazo032,2020-05-15 15:38:23,during,flutter
1340,a-wallen,2022-07-15 22:45:12,post,flutter
1341,abrush21,2020-07-30 21:50:21,during,flutter
1342,adazh,2019-01-14 23:43:30,pre,flutter
1343,agordeev,2019-10-20 09:30:40,pre,flutter
1344,amanv8060,2020-09-14 16:05:03,during,flutter
1345,andreidiaconu,2021-01-05 09:23:18,during,flutter
1346,andrewkolos,2022-08-26 17:44:10,post,flutter
1347,angjieli,2019-10-21 21:11:46,pre,flutter
1348,ankur2136,2022-08-12 16:44:54,post,flutter
1349,annagrin,2020-01-10 01:21:52,pre,flutter
1350,antholeole,2022-05-18 00:10:43,post,flutter
1351,apwilson,2021-06-17 15:49:08,post,flutter
1352,ardera,2021-02-18 12:17:20,during,flutter
1353,asashour,2021-06-18 13:19:29,post,flutter
1354,balvinderz,2020-08-26 14:51:57,during,flutter
1355,bdero,2022-06-23 19:02:29,post,flutter
1356,bernaferrari,2022-04-18 02:52:37,post,flutter
1357,bikcrum,2020-10-03 05:39:52,during,flutter
1358,bjartebore,2021-10-01 17:56:03,post,flutter
1359,bleroux,2019-10-02 12:14:21,pre,flutter
1360,brianquinlan,2022-02-07 20:01:10,post,flutter
1361,broccolism,2020-08-01 10:41:55,during,flutter
1362,bryanoltman,2022-05-09 17:14:03,post,flutter
1363,camsim99,2021-09-27 23:13:54,post,flutter
1364,canastro,2021-03-03 09:44:10,during,flutter
1365,caseycrogers,2021-05-03 19:34:03,post,flutter
1366,chaselatta,2020-04-30 19:43:28,during,flutter
1367,chingjun,2019-03-14 23:01:52,pre,flutter
1368,chinmoy12c,2020-09-24 08:08:11,during,flutter
1369,christian-muertz,2019-08-05 19:02:28,pre,flutter
1370,christopherfujino,2019-03-25 21:36:37,pre,flutter
1371,chunhtai,2019-03-01 18:14:10,pre,flutter
1372,clarkezone,2020-08-08 16:19:15,during,flutter
1373,craiglabenz,2021-03-16 00:00:54,during,flutter
1374,creativecreatorormaybenot,2020-10-28 23:55:54,during,flutter
1375,crisboarna,2020-12-13 08:19:53,during,flutter
1376,daadu,2021-03-06 06:22:57,during,flutter
1377,darrenaustin,2019-04-17 19:12:23,pre,flutter
1378,davidmartos96,2019-08-02 17:14:42,pre,flutter
1379,dcharkes,2021-11-19 12:59:18,post,flutter
1380,ditman,2019-08-29 00:47:51,pre,flutter
1381,dkwingsmt,2019-02-26 21:47:32,pre,flutter
1382,domesticmouse,2021-05-07 10:46:49,post,flutter
1383,dratushnyy,2020-01-29 07:28:17,pre,flutter
1384,dreveman,2020-04-21 13:03:08,during,flutter
1385,drewroengoogle,2022-04-18 17:04:14,post,flutter
1386,efortuna,2019-06-20 00:14:18,pre,flutter
1387,egramond,2022-04-18 22:22:52,post,flutter
1388,eliasyishak,2022-08-08 19:33:32,post,flutter
1389,elliette,2021-08-11 23:20:05,post,flutter
1390,emem365,2021-01-15 10:42:43,during,flutter
1391,erickzanardo,2020-10-19 20:43:07,during,flutter
1392,esarbanis,2019-02-25 14:11:23,pre,flutter
1393,esouthren,2022-08-23 11:06:51,post,flutter
1394,eukreign,2019-11-28 17:49:19,pre,flutter
1395,eyebrowsoffire,2022-08-12 23:20:48,post,flutter
1396,feHouyushan,2020-11-19 06:08:45,during,flutter
1397,feinstein,2019-07-31 02:20:44,pre,flutter
1398,fkorotkov,2021-01-27 17:53:15,during,flutter
1399,flar,2019-07-30 22:27:02,pre,flutter
1400,fluttergithubbot,2021-07-15 23:26:30,post,flutter
1401,fourman-alex,2021-08-20 08:07:20,post,flutter
1402,fzyzcjy,2021-02-15 02:35:39,during,flutter
1403,gaaclarke,2019-06-21 20:38:43,pre,flutter
1404,gazialankus,2022-09-21 10:33:06,post,flutter
1405,giantsol,2022-02-07 05:24:22,post,flutter
1406,godofredoc,2019-10-03 21:56:13,pre,flutter
1407,grafovdenis,2021-07-30 08:15:49,post,flutter
1408,guidezpl,2022-08-05 17:45:11,post,flutter
1409,gusghrlrl101,2020-08-01 11:06:07,during,flutter
1410,gw280,2019-11-13 00:08:05,pre,flutter
1411,haeseoklee,2020-08-01 16:23:57,during,flutter
1412,hamdikahloun,2021-04-16 19:14:51,during,flutter
1413,hangyujin,2022-07-11 10:53:48,post,flutter
1414,helin24,2020-04-08 17:58:38,during,flutter
1415,hellohuanlin,2021-12-07 01:59:40,post,flutter
1416,hpoul,2019-08-15 14:59:04,pre,flutter
1417,igorakkerman,2020-05-24 20:00:58,during,flutter
1418,iskakaushik,2019-01-15 20:29:42,pre,flutter
1419,itsjustkevin,2022-01-10 21:45:04,post,flutter
1420,jacek-marchwicki,2019-12-03 11:45:32,pre,flutter
1421,jakemac53,2019-09-30 14:28:49,pre,flutter
1422,jiahaog,2020-04-28 05:21:21,during,flutter
1423,jmagman,2019-05-31 21:37:16,pre,flutter
1424,jnschulze,2020-07-08 12:40:57,during,flutter
1425,jonasfj,2020-02-18 16:49:18,pre,flutter
1426,josh-burton,2019-04-13 06:21:51,pre,flutter
1427,joshualitt,2021-03-29 23:56:00,during,flutter
1428,jpnurmi,2020-06-13 15:56:25,during,flutter
1429,jushutch,2021-04-07 19:03:03,during,flutter
1430,kaboc,2020-03-04 16:16:49,pre,flutter
1431,keertip,2019-04-18 13:40:09,pre,flutter
1432,keyonghan,2019-08-29 18:10:23,pre,flutter
1433,kika,2020-02-11 02:58:55,pre,flutter
1434,kpsroka,2019-04-16 14:29:19,pre,flutter
1435,ksheremet,2020-04-19 08:58:40,during,flutter
1436,kwkr,2020-04-10 18:25:20,during,flutter
1437,legalcodes,2019-03-25 23:49:28,pre,flutter
1438,letsar,2021-10-24 11:49:21,post,flutter
1439,liamappelbe,2021-07-13 17:29:37,post,flutter
1440,lidongze91,2019-08-11 23:52:16,pre,flutter
1441,loic-sharma,2022-05-18 23:30:37,post,flutter
1442,ludwiktrammer,2021-04-04 22:16:50,during,flutter
1443,luizfranca,2019-10-12 02:34:00,pre,flutter
1444,maheshmnj,2022-08-10 08:21:31,post,flutter
1445,mannprerak2,2020-01-07 19:41:09,pre,flutter
1446,marcin-jelenski,2020-10-06 20:24:01,during,flutter
1447,matanshukry,2019-06-29 15:24:20,pre,flutter
1448,mateusfccp,2020-10-19 18:23:46,during,flutter
1449,mghalayini,2021-06-25 16:59:37,post,flutter
1450,mhadaily,2019-06-14 14:12:22,pre,flutter
1451,miDeb,2021-01-31 12:30:04,during,flutter
1452,michaellee8,2020-04-26 03:52:26,during,flutter
1453,miquelbeltran,2020-01-09 08:43:31,pre,flutter
1454,moffatman,2021-06-27 02:20:36,post,flutter
1455,moko256,2021-06-30 09:36:17,post,flutter
1456,monkeyswarm,2020-04-20 17:44:57,during,flutter
1457,mono0926,2019-02-27 04:03:34,pre,flutter
1458,naraekn,2020-07-28 13:12:33,during,flutter
1459,naudzghebre,2021-03-17 01:20:07,during,flutter
1460,nayeemtby,2021-10-22 05:42:03,post,flutter
1461,nbayati,2022-07-08 23:13:23,post,flutter
1462,nero-angela,2020-08-01 13:34:56,during,flutter
1463,nilsreichardt,2020-05-09 18:25:44,during,flutter
1464,nploi,2021-04-25 10:14:45,during,flutter
1465,nscobie,2020-06-11 22:47:42,during,flutter
1466,nt4f04uNd,2020-08-23 03:24:26,during,flutter
1467,nturgut,2019-07-30 17:37:32,pre,flutter
1468,omerlevran46,2021-10-08 16:19:27,post,flutter
1469,pdblasi-google,2022-07-15 19:58:47,post,flutter
1470,pedromassango,2019-12-12 20:03:43,pre,flutter
1471,pennzht,2019-09-11 14:16:11,pre,flutter
1472,perclasson,2019-09-09 11:30:08,pre,flutter
1473,polina-c,2022-10-16 18:23:09,post,flutter
1474,rami-a,2019-01-08 14:52:49,pre,flutter
1475,renyou,2020-06-04 19:58:42,during,flutter
1476,ricardoamador,2022-05-20 20:41:53,post,flutter
1477,rickimaru18,2021-03-07 06:57:31,during,flutter
1478,robert-ancell,2020-05-11 02:47:26,during,flutter
1479,scheglov,2021-02-22 18:25:14,during,flutter
1480,shihaohong,2019-01-31 20:26:24,pre,flutter
1481,shihchanghsiungsonos,2019-10-29 21:53:37,pre,flutter
1482,shouichi,2019-09-02 04:36:37,pre,flutter
1483,sidrao2006,2020-08-27 16:22:37,during,flutter
1484,sigmundch,2021-05-21 22:23:47,post,flutter
1485,smitsk,2021-09-10 04:34:04,post,flutter
1486,speaking-in-code,2020-07-05 22:00:55,during,flutter
1487,stevemessick,2020-11-16 21:26:34,during,flutter
1488,tarobins,2019-06-23 21:54:40,pre,flutter
1489,tauu,2019-09-11 19:09:42,pre,flutter
1490,tgucio,2022-05-25 07:37:34,post,flutter
1491,thkim1011,2022-07-11 23:23:25,post,flutter
1492,timsneath,2022-01-12 00:49:01,post,flutter
1493,ueman,2020-02-24 18:32:21,pre,flutter
1494,vaind,2022-04-05 10:55:18,post,flutter
1495,vashworth,2022-10-06 17:27:07,post,flutter
1496,wanglikun7342,2021-10-14 06:53:09,post,flutter
1497,wangying3426,2021-12-10 07:43:20,post,flutter
1498,werainkhatri,2021-05-10 19:11:23,post,flutter
1499,willlockwood,2020-12-18 20:19:13,during,flutter
1500,wytesk133,2020-06-05 10:12:59,during,flutter
1501,xu-baolin,2020-02-15 05:50:28,pre,flutter
1502,yaakovschectman,2022-07-13 16:50:38,post,flutter
1503,yash1200,2020-09-25 19:13:45,during,flutter
1504,youssef-attia,2022-06-02 21:33:01,post,flutter
1505,yusuf-goog,2021-12-06 23:04:17,post,flutter
1506,zanderso,2021-12-18 00:50:44,post,flutter
1507,zhongwuzw,2019-06-06 09:03:59,pre,flutter
1508,zichangg,2019-03-04 16:49:10,pre,flutter
1509,APrigarina,2019-07-10 14:27:32,pre,opencv
1510,AleksandrPanov,2021-08-02 15:03:23,post,opencv
1511,AoD314,2022-09-24 08:22:12,post,opencv
1512,ChipKerchner,2020-01-27 16:01:10,pre,opencv
1513,GArik,2020-02-06 15:10:16,pre,opencv
1514,JulieBar,2021-07-20 12:25:05,post,opencv
1515,JulienMaille,2019-12-17 11:32:07,pre,opencv
1516,MaximMilashchenko,2020-07-07 08:53:34,during,opencv
1517,OrestChura,2019-07-11 16:28:51,pre,opencv
1518,SSteve,2019-05-09 00:09:03,pre,opencv
1519,SamFC10,2021-03-01 03:33:00,during,opencv
1520,SergeyIvanov87,2022-04-07 05:32:39,post,opencv
1521,StefanBruens,2019-06-27 21:29:38,pre,opencv
1522,UnaNancyOwen,2022-02-04 05:29:37,post,opencv
1523,VadimLevin,2019-11-11 12:41:59,pre,opencv
1524,WanliZhong,2022-06-13 01:54:55,post,opencv
1525,YashasSamaga,2019-03-04 05:40:15,pre,opencv
1526,Yosshi999,2020-03-22 11:55:01,pre,opencv
1527,aDanPin,2019-10-02 16:03:07,pre,opencv
1528,aitikgupta,2020-09-27 06:48:12,during,opencv
1529,alex77g2,2022-10-19 09:16:43,post,opencv
1530,anton-potapov,2019-04-16 09:10:54,pre,opencv
1531,asenyaev,2021-06-23 16:20:47,post,opencv
1532,ashishkrshrivastava,2020-03-04 02:56:50,pre,opencv
1533,cabelo,2019-04-15 20:20:33,pre,opencv
1534,cancerberoSgx,2019-08-01 22:29:31,pre,opencv
1535,chrisballinger,2020-05-14 21:28:05,during,opencv
1536,colejd,2020-11-06 15:47:43,during,opencv
1537,cpoerschke,2022-04-03 19:39:25,post,opencv
1538,cudawarped,2019-03-06 14:52:23,pre,opencv
1539,cyyever,2020-02-29 10:41:41,pre,opencv
1540,danielenricocahall,2019-06-17 23:23:39,pre,opencv
1541,devnexen,2019-09-02 13:34:59,pre,opencv
1542,dmallia17,2020-05-04 15:16:04,during,opencv
1543,dvd42,2019-05-27 08:38:39,pre,opencv
1544,eliteraspberries,2021-12-24 00:30:25,post,opencv
1545,fengyuentau,2021-03-30 08:03:42,during,opencv
1546,fpetrogalli,2020-12-17 09:42:50,during,opencv
1547,ganesh-k13,2020-01-08 16:38:28,pre,opencv
1548,gasparitiago,2021-04-02 14:28:54,during,opencv
1549,hanliutong,2021-03-26 12:17:54,during,opencv
1550,ivashmak,2020-06-15 12:30:40,during,opencv
1551,komakai,2019-02-28 12:51:33,pre,opencv
1552,liqi-c,2020-03-02 01:15:38,pre,opencv
1553,ocpalo,2022-05-21 19:52:41,post,opencv
1554,opencv-pushbot,2022-04-11 19:27:30,post,opencv
1555,pmur,2019-07-10 16:39:00,pre,opencv
1556,raaldrid,2021-01-07 18:38:03,during,opencv
1557,rayonnant14,2019-07-10 07:51:53,pre,opencv
1558,rogday,2021-05-12 08:58:51,post,opencv
1559,sivanov-work,2021-04-26 08:37:00,during,opencv
1560,sl-sergei,2020-07-14 15:46:45,during,opencv
1561,smirnov-alexey,2019-01-18 12:43:39,pre,opencv
1562,stefan-spiss,2022-08-09 14:08:24,post,opencv
1563,sthalik,2021-09-25 04:35:09,post,opencv
1564,tailsu,2019-02-12 12:04:03,pre,opencv
1565,thangktran,2019-02-10 08:25:36,pre,opencv
1566,themechanicalcoder,2019-10-02 03:37:56,pre,opencv
1567,victor1234,2022-04-07 11:40:26,post,opencv
1568,vrabaud,2021-02-08 15:59:03,during,opencv
1569,zchrissirhcz,2020-12-23 04:13:52,during,opencv
1570,zihaomu,2020-06-02 00:50:37,during,opencv
